codice articolo;Entita1;Entita2;Entita3;Entita4;Entita5;Entita6
0006;003;003  2;;;;
0010;010;010  1;;;;
0013;003;003  2;;;;
0020;003;003  2;;;;
0027;010;010  1;;;;
0034;010;010  1;;;;
0037;003;003  2;;;;
0041;010;010  1;;;;
0044;003;003  2;;;;
0051;003;003  2;;;;
0058;010;010  1;;;;
0065;010;010  1;;;;
0068;003;003  2;;;;
0072;010;010  1;;;;
0075;003;003  2;;;;
0082;003;003  2;;;;
0089;010;010  1;;;;
0096;004;004  8;;;;
0099;003;003  2;;;;
0102;004;004  8;;;;
0105;003;003  2;;;;
0119;019;019  2;;;;
0126;004;004  8;;;;
0133;006;006  1;;;;
0143;009;009  2;;;;
0149;004;004  9;;;;
0156;004;004  9;;;;
0170;007;007  2;;;;
0171;004;004  16;;;;
0174;009;009  2;;;;
0181;003;003  1;;;;
0188;019;019  5;;;;
0194;004;004  9;;;;
0195;019;019  5;;;;
0198;003;003  1;;;;
0201;019;019  5;;;;
0204;015;015  1;;;;
0224;004;004  17;;;;
0225;019;019  5;;;;
0231;004;004  17;;;;
0232;019;019  5;;;;
0242;015;015  1;;;;
0248;004;004  17;;;;
0255;003;003  1;;;;
0259;015;015  1;;;;
0262;003;003  1;;;;
0266;015;015  1;;;;
0272;;;;;;
0273;015;015  1;;;;
0279;003;003  1;;;;
0280;015;015  1;;;;
0286;003;003  1;;;;
0287;017;017  4;;;;
0293;003;003  1;;;;
0297;015;015  1;;;;
0300;017;017  4;;;;
0303;015;015  1;;;;
0309;003;003  1;;;;
0310;015;015  1;;;;
0316;003;003  1;;;;
0323;003;003  1;;;;
0330;003;003  1;;;;
0331;010;010  14;;;;
0334;015;015  1;;;;
03340;012;012  1;;;;
0341;015;015  1;;;;
0347;003;003  1;;;;
0348;010;010  14;;;;
0354;003;003  1;;;;
0355;019;019  5;;;;
0358;015;015  1;;;;
0361;004;004  10;;;;
0362;019;019  5;;;;
0365;015;015  1;;;;
0379;019;019  5;;;;
0385;012;012  1;;;;
0386;019;019  5;;;;
0392;003;003  1;;;;
0408;003;003  1;;;;
0409;017;017  5;;;;
0415;003;003  1;;;;
0416;017;017  4;;;;
0422;003;003  1;;;;
0423;017;017  4;;;;
0430;017;017  3;;;;
0439;003;003  1;;;;
0446;003;003  1;;;;
0447;017;017  3;;;;
0453;003;003  1;;;;
0454;017;017  3;;;;
0460;003;003  1;;;;
046S;003;003  3;;;;
0477;003;003  1;;;;
0478;017;017  3;;;;
047s;003;003  3;;;;
0484;003;003  1;;;;
0485;017;017  3;;;;
0491;003;003  1;;;;
0492;017;017  3;;;;
0507;003;003  1;;;;
0508;017;017  3;;;;
0514;003;003  1;;;;
0515;017;017  3;;;;
0521;003;003  1;;;;
0522;017;017  3;;;;
0538;003;003  1;;;;
0539;017;017  3;;;;
0545;003;003  1;;;;
0546;017;017  3;;;;
0552;003;003  1;;;;
0553;017;017  3;;;;
0560;017;017  3;;;;
0569;003;003  1;;;;
0576;003;003  1;;;;
0577;017;017  3;;;;
0583;003;003  1;;;;
0590;003;003  1;;;;
0600;;;;;;
0606;003;003  1;;;;
0613;003;003  1;;;;
0620;003;003  1;;;;
0631;003;003  2;;;;
0637;003;003  1;;;;
0644;003;003  1;;;;
0648;003;003  2;;;;
0651;003;003  1;;;;
0668;003;003  1;;;;
0675;003;003  1;;;;
0679;003;003  2;;;;
0682;003;003  1;;;;
0686;002;002  3;;;;
0699;003;003  1;;;;
0705;003;003  1;;;;
0706;017;017  2;;;;
0709;002;002  3;;;;
0712;003;003  1;;;;
0729;003;003  1;;;;
0736;003;003  1;;;;
0743;003;003  1;;;;
0750;003;003  1;;;;
0754;;;;;;
0761;;;;;;
0767;003;003  1;;;;
0768;016;016  1;;;;
0774;003;003  1;;;;
0775;019;019  5;;;;
0781;003;003  1;;;;
0782;019;019  5;;;;
0798;003;003  1;;;;
0799;019;019  4;;;;
0804;003;003  1;;;;
0805;019;019  4;;;;
0811;003;003  1;;;;
0812;010;010  5;;;;
0828;003;003  1;;;;
0829;011;011  2;;;;
0835;003;003  1;;;;
0842;003;003  1;;;;
0843;010;010  14;;;;
0859;003;003  1;;;;
0866;003;003  1;;;;
0873;003;003  1;;;;
0880;003;003  1;;;;
0881;017;017  4;;;;
0897;003;003  1;;;;
0898;017;017  4;;;;
0903;003;003  1;;;;
0904;017;017  4;;;;
09043;010;010  7;;;;
09044;010;010  7;;;;
0910;003;003  1;;;;
0911;010;010  5;;;;
0913;001;001  8;;;;
0927;003;003  1;;;;
0928;019;019  3;;;;
0934;003;003  1;;;;
0935;004;004  5;;;;
0937;001;001  10;;;;
0941;003;003  1;;;;
0942;004;004  5;;;;
0944;001;001  10;;;;
0951;001;001  1;;;;
0958;003;003  1;;;;
0959;004;004  5;;;;
0965;003;003  1;;;;
0966;004;004  5;;;;
0972;003;003  1;;;;
0989;003;003  1;;;;
0996;003;003  2;;;;
0999;001;001  4;;;;
1002;001;001  4;;;;
1009;003;003  2;;;;
1016;003;003  2;;;;
1019;016;016  1;;;;
1023;003;003  2;;;;
1026;001;001  4;;;;
1030;003;003  2;;;;
1047;003;003  2;;;;
1048;012;012  1;;;;
1054;003;003  2;;;;
1055;017;017  4;;;;
1061;003;003  2;;;;
1062;017;017  4;;;;
1078;003;003  2;;;;
1079;010;010  6;;;;
1085;003;003  1;;;;
1086;010;010  14;;;;
1092;003;003  1;;;;
1093;010;010  14;;;;
1108;003;003  1;;;;
1109;010;010  14;;;;
1115;003;003  1;;;;
1116;010;010  14;;;;
1122;003;003  1;;;;
1123;017;017  4;;;;
1130;017;017  4;;;;
1131;;;;;;
1139;003;003  1;;;;
1146;003;003  1;;;;
1147;010;010  6;;;;
1148;003;003  2;;;;
1153;003;003  1;;;;
1154;017;017  4;;;;
1160;003;003  1;;;;
1161;017;017  4;;;;
1171;001;001  10;;;;
1177;003;003  1;;;;
1178;011;011  3;;;;
1184;003;003  1;;;;
1185;011;011  3;;;;
1188;001;001  4;;;;
1191;003;003  1;;;;
1192;003;003  1;;;;
1207;003;003  1;;;;
1208;010;010  5;;;;
1214;003;003  1;;;;
1215;010;010  5;;;;
1217n;001;001  4;;;;
1218;003;003  2;;;;
1221;003;003  1;;;;
1222;017;017  1;;;;
1224n;001;001  4;;;;
1225;003;003  2;;;;
1231;001;001  8;;;;
1232;003;003  2;;;;
1238;003;003  1;;;;
1239;017;017  1;;;;
1245;003;003  1;;;;
1246;017;017  1;;;;
1252;003;003  1;;;;
1253;017;017  1;;;;
1260;017;017  1;;;;
1262;001;001  1;;;;
1269;003;003  1;;;;
1270;004;004  11;;;;
1276;003;003  1;;;;
1277;017;017  1;;;;
1279;001;001  1;;;;
1284;017;017  2;;;;
1287;004;004  12;;;;
1291;017;017  2;;;;
1294;004;004  12;;;;
1300;001;001  1;;;;
1307;017;017  2;;;;
1314;017;017  2;;;;
1317;001;001  1;;;;
1321;017;017  3;;;;
1331;012;012  8;;;;
1338;017;017  3;;;;
1345;017;017  3;;;;
1352;017;017  3;;;;
1362;001;001  6;;;;
1368;008;008  4;;;;
1369;017;017  3;;;;
1376;017;017  1;;;;
1379;001;001  6;;;;
1383;017;017  1;;;;
1390;017;017  1;;;;
1406;017;017  1;;;;
1409;008;008  6;;;;
1413;017;017  1;;;;
1416;008;008  3;;;;
1420;017;017  1;;;;
1423;008;008  3;;;;
1429;008;008  4;;;;
1430;008;008  3;;;;
1437;019;019  5;;;;
1444;017;017  1;;;;
1447;008;008  3;;;;
1451;017;017  1;;;;
1453;001;001  1;;;;
1454;008;008  3;;;;
1461;008;008  3;;;;
1468;017;017  1;;;;
1474;008;008  4;;;;
1475;017;017  8;;;;
1478;012;012  4;;;;
1485;012;012  8;;;;
1498;008;008  4;;;;
1499;017;017  8;;;;
1504;008;008  4;;;;
1505;017;017  8;;;;
1507;001;001  2;;;;
1508;011;011  4;;;;
1512;017;017  8;;;;
1515;011;011  4;;;;
1528;008;008  4;;;;
1529;017;017  8;;;;
1535;008;008  4;;;;
1536;017;017  8;;;;
1539;011;011  3;;;;
1542;008;008  4;;;;
1543;017;017  8;;;;
1550;017;017  4;;;;
2112;006;006  3;;;;
2113;017;017  8;;;;
2120;017;017  8;;;;
2129;006;006  3;;;;
2136;006;006  3;;;;
2143;006;006  3;;;;
2144;017;017  8;;;;
2147;004;004  2;;;;
2150;006;006  3;;;;
2151;017;017  8;;;;
2167;006;006  3;;;;
2168;017;017  8;;;;
2174;006;006  3;;;;
2175;017;017  2;;;;
2181;006;006  3;;;;
2182;017;017  2;;;;
2199;017;017  2;;;;
2211;012;012  3;;;;
1552;001;001  4;;;;
1553;002;002  3;;;;
1567;017;017  4;;;;
1569;001;001  1;;;;
1573;008;008  4;;;;
1574;017;017  4;;;;
1577;002;002  3;;;;
1580;008;008  4;;;;
1581;017;017  4;;;;
1583;001;001  8;;;;
1590;001;001  10;;;;
1591;002;002  3;;;;
1598;017;017  2;;;;
1603;008;008  4;;;;
1604;017;017  2;;;;
1610;008;008  4;;;;
1614;017;017  8;;;;
1620;001;001  1;;;;
1627;008;008  4;;;;
1628;004;004  5;;;;
1634;008;008  4;;;;
1635;018;018  1;;;;
1641;008;008  4;;;;
1642;018;018  1;;;;
1659;018;018  1;;;;
1666;018;018  1;;;;
1673;018;018  1;;;;
1680;018;018  1;;;;
1696;004;004  5;;;;
1697;018;018  1;;;;
1702;012;012  1;;;;
1703;018;018  1;;;;
1710;018;018  1;;;;
1726;012;012  1;;;;
1727;018;018  1;;;;
1729;006;006  1;;;;
1734;018;018  1;;;;
17395-18;004;004  2;;;;
1741;018;018  1;;;;
17511-09;004;004  2;;;;
17551-18;004;004  2;;;;
17558-18;004;004  2;;;;
17559-18;004;004  2;;;;
17562-18;004;004  2;;;;
17564-18;004;004  2;;;;
17570-18;004;004  2;;;;
1758;018;018  1;;;;
17598-36;004;004  2;;;;
1764;012;012  9;;;;
1765;018;018  1;;;;
1771;004;004  5;;;;
1772;019;019  4;;;;
1775;012;012  1;;;;
17826-14;004;004  2;;;;
17836-14;;;;;;
1788;004;004  5;;;;
1789;019;019  3;;;;
17909-09;004;004  2;;;;
1795;004;004  5;;;;
1796;018;018  1;;;;
17980-18;004;004  2;;;;
17986-18;004;004  2;;;;
1801;004;004  5;;;;
1802;018;018  1;;;;
1811;001;001  1;;;;
1818;004;004  5;;;;
1819;019;;;;;
1825;004;004  5;;;;
1826;019;019  5;;;;
1828;001;001  1;;;;
1832;004;004  5;;;;
1833;019;019  5;;;;
1836;;;;;;
1842;001;001  1;;;;
1843;;;;;;
1849;004;004  5;;;;
1856;004;004  5;;;;
1857;018;018  1;;;;
1863;004;004  5;;;;
1864;018;018  1;;;;
1866;001;001  1;;;;
1870;004;004  8;;;;
1871;018;018  1;;;;
1874;;;;;;
1880;001;001  1;;;;
1881;;;;;;
1887;004;004  8;;;;
1888;018;018  1;;;;
1894;004;004  8;;;;
1895;018;018  1;;;;
1898;;;;;;
1900;002;002  3;;;;
1901;018;018  1;;;;
1903;019;019  8;;;;
19106-18;004;004  2;;;;
19108-18;004;004  2;;;;
1911;;;;;;
1917;002;002  3;;;;
19171-09;004;004  2;;;;
19172-09;004;004  2;;;;
1918;018;018  1;;;;
19189-18;004;004  2;;;;
19195-18;004;004  2;;;;
19196-18;004;004  2;;;;
19209-18;004;004  2;;;;
19211-14;004;004  2;;;;
1924;002;002  3;;;;
1925;018;018  1;;;;
19257-18;004;004  2;;;;
19258-18;004;004  2;;;;
19259-18;004;004  2;;;;
1928;;;;;;
19299-18;004;004  2;;;;
19305-18;004;004  2;;;;
19306-18;004;004  2;;;;
19307-18;004;004  2;;;;
1931;019;019  5;;;;
1932;018;018  1;;;;
1935;;;;;;
1941;001;001  4;;;;
1949;018;018  1;;;;
1955;002;002  3;;;;
1956;018;018  1;;;;
1959n;011;011  6;;;;
1962;012;012  1;;;;
1979;012;012  1;;;;
1987;018;018  1;;;;
1994;018;018  1;;;;
2007;018;018  1;;;;
20119-18;;;;;;
20120-18;004;004  2;;;;
2014;018;018  1;;;;
20142-18;004;004  2;;;;
20144-18;004;004  2;;;;
20162-18;004;004  2;;;;
20163-18;004;004  2;;;;
2021;019;019  5;;;;
2038;019;019  5;;;;
2044;004;004  10;;;;
2045;019;019  5;;;;
2051;004;004  10;;;;
2052;019;019  5;;;;
2068;006;006  3;;;;
2069;019;019  5;;;;
2075;006;006  3;;;;
2076;018;018  1;;;;
2082;006;006  3;;;;
2083;018;018  1;;;;
2099;006;006  3;;;;
2105;006;006  3;;;;
2106;017;017  8;;;;
2228;017;017  6;;;;
2229;;;;;;
2235;002;;;;;
2236;;;;;;
2242;008;008  6;;;;
2243;;;;;;
2250;;;;;;
2259;008;008  6;;;;
2266;008;008  6;;;;
2267;;;;;;
2273;008;008  6;;;;
2274;;;;;;
2280;008;008  6;;;;
2281;;;;;;
2290G;001;001  4;;;;
2297;008;008  6;;;;
2298;;;;;;
2303;008;008  4;;;;
2304;;;;;;
2306;001;001  4;;;;
2310;008;008  4;;;;
2311;;;;;;
2313;001;001  4;;;;
2320;001;001  4;;;;
2327;008;008  6;;;;
2328;;;;;;
2334;008;008  6;;;;
2335;;;;;;
2337G;;;;;;
2341;008;008  6;;;;
2342;;;;;;
2351;;;;;;
2358;008;008  6;;;;
2359;;;;;;
2365;017;017  6;;;;
2366;;;;;;
2373;;;;;;
2380;;;;;;
2389;003;003  1;;;;
2396;003;003  1;;;;
2397;;;;;;
2402;003;003  1;;;;
2403;;;;;;
2410;;;;;;
2419;003;003  1;;;;
2420;;;;;;
2426;003;003  1;;;;
2427;;;;;;
2429;001;001  4;;;;
2433;003;003  1;;;;
2434;;;;;;
2436;004;004  8;;;;
2440;003;003  1;;;;
2441;;;;;;
2450;003;003  2;;;;
2457;003;003  1;;;;
2458;;;;;;
2464;003;003  1;;;;
2465;;;;;;
2471;003;003  1;;;;
2472;;;;;;
2488;003;003  2;;;;
2489;;;;;;
2495;003;003  2;;;;
2496;;;;;;
2501;017;017  6;;;;
2502;;;;;;
2511;005;005  2;;;;
2518;017;017  6;;;;
2519;;;;;;
2525;017;017  6;;;;
2526;;;;;;
2528;004;004  6;;;;
2532;017;017  6;;;;
2533;;;;;;
2540;010;010  6;;;;
2549;017;017  6;;;;
2550;001;001  3;;;;
2557;010;010  6;;;;
2563;017;017  6;;;;
2564;010;010  6;;;;
2567;001;001  3;;;;
2570;017;017  6;;;;
2571;010;010  6;;;;
2574;001;001  3;;;;
2577-dx8-40;;;;;;
2581;001;001  3;;;;
2587;017;017  6;;;;
2588;010;010  6;;;;
2594;010;010  11;;;;
2595;010;010  6;;;;
2598;001;001  3;;;;
2600;010;010  11;;;;
2601;010;010  6;;;;
2609;;;;;;
2610;001;001  1;;;;
2611;001;001  3;;;;
2616;;;;;;
2617;010;010  11;;;;
2618;010;010  11;;;;
2623;;;;;;
2624;010;010  11;;;;
2625;010;010  11;;;;
2627;001;001  1;;;;
2628;001;001  3;;;;
2630;;;;;;
2631;010;010  11;;;;
2632;010;010  4;;;;
2634;001;001  1;;;;
2635;001;001  3;;;;
2641;;;;;;
2642;011;011  4;;;;
2647;;;;;;
2648;010;010  11;;;;
2649;010;010  4;;;;
2654;;;;;;
2655;010;010  11;;;;
2656;010;010  4;;;;
2658;;;;;;
2659;011;011  4;;;;
2661;;;;;;
2662;004;004  5;;;;
2663;008;008  5;;;;
2665;003;003  1;;;;
2666;007;007  2;;;;
2670;008;008  5;;;;
2673;007;007  3;;;;
2678;;;;;;
2679;004;004  5;;;;
2680;001;001  3;;;;
2685;;;;;;
2686;004;004  5;;;;
2687;008;008  5;;;;
2692;;;;;;
2694;008;008  5;;;;
2696;003;003  1;;;;
2697;001;001  3;;;;
2700;011;011  7;;;;
2702;001;001  1;;;;
2703;001;001  3;;;;
2710;001;001  3;;;;
2717;008;008  2;;;;
2724;008;008  5;;;;
2727;001;001  3;;;;
2731;008;008  5;;;;
2734;001;001  4;;;;
2741;001;001  4;;;;
2747;004;004  5;;;;
2748;008;008  5;;;;
2754;004;004  5;;;;
2755;008;008  5;;;;
2758;002;002  7;;;;
2761;004;004  5;;;;
2762;008;008  5;;;;
2778;004;004  5;;;;
2779;010;010  6;;;;
2785;004;004  5;;;;
2786;010;010  6;;;;
2792;004;004  5;;;;
2793;011;011  7;;;;
2808;004;004  8;;;;
2809;011;011  7;;;;
2816;011;011  7;;;;
2819;002;002  7;;;;
2822;004;004  5;;;;
2823;011;011  7;;;;
2826;002;002  7;;;;
2830;011;011  7;;;;
2832;002;002  3;;;;
2833;002;002  7;;;;
2839;004;004  5;;;;
2846;004;004  5;;;;
2847;011;011  7;;;;
2849;002;002  3;;;;
2853;004;004  5;;;;
2854;011;011  7;;;;
2856;007;007  2;;;;
2857;002;002  7;;;;
2860;004;004  5;;;;
2861;011;011  7;;;;
2864;002;002  7;;;;
2870;007;007  2;;;;
2871;002;002  7;;;;
2877;004;004  5;;;;
2878;011;011  7;;;;
2884;004;004  5;;;;
2885;011;011  7;;;;
2887;003;003  2;;;;
2888;002;002  7;;;;
2891;004;004  5;;;;
2892;019;019  5;;;;
2894;003;003  2;;;;
2901;010;010  14;;;;
2907;004;004  5;;;;
2908;019;019  5;;;;
2914;004;004  5;;;;
2915;019;019  5;;;;
2921;004;004  5;;;;
2922;019;019  3;;;;
2931;003;003  2;;;;
2938;004;004  1;;;;
2939;017;017  1;;;;
2945;004;004  5;;;;
2946;017;017  1;;;;
2948;003;003  2;;;;
2952;004;004  6;;;;
2953;008;008  6;;;;
2955;003;003  2;;;;
2960;017;017  1;;;;
2963;012;012  3;;;;
2969;004;004  6;;;;
2976;004;004  6;;;;
2977;008;008  6;;;;
2983;004;004  6;;;;
2984;017;017  1;;;;
2986;003;003  2;;;;
2987;012;012  1;;;;
2990;004;004  6;;;;
2991;008;008  5;;;;
2993;003;003  2;;;;
2994;012;012  1;;;;
3003;004;004  6;;;;
3004;011;011  7;;;;
3006;003;003  2;;;;
3007;012;012  3;;;;
3010;004;004  6;;;;
3011;011;011  7;;;;
3013;003;003  2;;;;
3014;012;012  3;;;;
3027;004;004  6;;;;
3028;002;002  8;;;;
3034;004;004  6;;;;
3035;002;002  8;;;;
3038;012;012  3;;;;
3041;004;004  6;;;;
3042;002;002  8;;;;
3045;007;007  2;;;;
3051;003;003  2;;;;
3059;002;002  8;;;;
3065;004;004  6;;;;
3066;002;002  8;;;;
3068;003;003  2;;;;
3069;007;007  3;;;;
3072;004;004  6;;;;
3073;002;002  8;;;;
3075;003;003  2;;;;
3076;007;007  2;;;;
3080;002;002  8;;;;
3082;003;003  2;;;;
3089;004;004  8;;;;
3090;010;010  3;;;;
3097;002;002  8;;;;
3099;003;003  2;;;;
3102;010;010  14;;;;
3103;002;002  8;;;;
3105;003;003  1;;;;
3106;010;010  3;;;;
3110;002;002  8;;;;
3112;003;003  1;;;;
3113;010;010  3;;;;
3119;010;010  14;;;;
3120;010;010  3;;;;
3126;010;010  14;;;;
3127;011;011  2;;;;
3129;003;003  1;;;;
3133;010;010  14;;;;
3134;003;003  7;;;;
3136;003;003  1;;;;
3137;010;010  2;;;;
3141;003;003  7;;;;
3143;003;003  1;;;;
3144;010;010  2;;;;
3150;003;003  1;;;;
3151;010;010  2;;;;
3157;010;010  14;;;;
3158;003;003  7;;;;
3165;003;003  7;;;;
3167;003;003  1;;;;
3168;002;002  7;;;;
3171;010;010  14;;;;
3172;003;003  7;;;;
3174;003;003  1;;;;
3175;002;002  7;;;;
3181;003;003  1;;;;
3188;010;010  14;;;;
3189;003;003  7;;;;
3196;003;003  7;;;;
3198;003;003  1;;;;
3202;003;003  7;;;;
3204;003;003  2;;;;
3211;011;011  2;;;;
3218;004;004  8;;;;
3219;003;003  7;;;;
3225;004;004  8;;;;
3226;003;003  7;;;;
3232;004;004  8;;;;
3233;003;003  7;;;;
3235;004;004  10;;;;
3240;003;003  7;;;;
3249;004;004  8;;;;
3250;001;001  4;;;;
3256;004;004  8;;;;
3257;003;003  7;;;;
3259;004;004  9;;;;
3263;004;004  8;;;;
3264;003;003  7;;;;
3266;004;004  9;;;;
3267;001;001  4;;;;
3270;004;004  8;;;;
3271;003;003  7;;;;
3273;004;004  9;;;;
3274;001;001  4;;;;
3280;004;004  8;;;;
3287;004;004  8;;;;
3288;003;003  7;;;;
3294;004;004  8;;;;
3295;003;003  7;;;;
3297;004;004  10;;;;
3300;004;004  8;;;;
3301;003;003  7;;;;
3303;004;004  8;;;;
3310;004;004  10;;;;
3311;005;005  2;;;;
3317;004;004  8;;;;
3318;003;003  7;;;;
3324;004;004  5;;;;
3325;003;003  7;;;;
3327;004;004  10;;;;
3328;005;005  2;;;;
3331;004;004  5;;;;
3332;003;003  7;;;;
3334;004;004  10;;;;
3335;005;005  2;;;;
3341;004;004  10;;;;
3342;005;005  2;;;;
3348;004;004  5;;;;
3349;003;003  7;;;;
3355;004;004  5;;;;
3356;003;003  7;;;;
3358;004;004  10;;;;
3359;005;005  2;;;;
3362;004;004  5;;;;
3363;003;003  7;;;;
3365;007;007  3;;;;
3366;005;005  2;;;;
3370;003;003  7;;;;
3372;004;004  10;;;;
3373;005;005  2;;;;
3386;004;004  5;;;;
3387;003;003  7;;;;
3393;004;004  5;;;;
3394;003;003  7;;;;
3396;004;004  10;;;;
3400;003;003  7;;;;
3402;004;004  10;;;;
3403;005;005  2;;;;
34051-09;004;004  2;;;;
3410;005;005  2;;;;
34102-09;004;004  2;;;;
34105-09;004;004  2;;;;
34109-09;004;004  2;;;;
34109-18;004;004  2;;;;
34110-09;004;004  2;;;;
34113-09;004;004  2;;;;
34113-18;004;004  2;;;;
3417;003;003  7;;;;
3419;004;004  9;;;;
3424;003;003  7;;;;
3426;004;004  8;;;;
34294-20;004;004  2;;;;
3431;003;003  7;;;;
3433;004;004  8;;;;
34385-22;004;004  2;;;;
34387-22;004;004  2;;;;
34389-22;004;004  2;;;;
3440;004;004  10;;;;
34468-18;004;004  2;;;;
3448;003;003  7;;;;
3455;003;003  7;;;;
3457;004;004  10;;;;
3462;003;003  7;;;;
3464;004;004  10;;;;
3471;004;004  10;;;;
3472;005;005  2;;;;
3479;003;003  7;;;;
3486;003;003  7;;;;
3488;004;004  10;;;;
3489;005;005  2;;;;
3492;004;004  5;;;;
3493;003;003  7;;;;
3496;005;005  2;;;;
3502;005;005  2;;;;
3508;004;004  5;;;;
3509;003;003  7;;;;
3515;004;004  5;;;;
3516;003;003  7;;;;
3518;004;004  10;;;;
3519;005;005  2;;;;
3522;004;004  5;;;;
3523;003;003  7;;;;
3525;004;004  10;;;;
3530;005;005  2;;;;
3532;004;004  10;;;;
3533;005;005  2;;;;
3539;004;004  5;;;;
3540;005;005  2;;;;
3546;004;004  5;;;;
3547;005;005  2;;;;
3549;002;002  5;;;;
3554;005;005  2;;;;
3557;005;005  2;;;;
3561;005;005  2;;;;
3564;004;004  13;;;;
3571;004;004  13;;;;
3578;005;005  2;;;;
3585;005;005  2;;;;
3588;004;004  13;;;;
3595;004;004  13;;;;
3601;004;004  13;;;;
3618;004;004  13;;;;
3621;004;004  9;;;;
3622;010;010  6;;;;
3625;004;004  13;;;;
3632;004;004  13;;;;
3639;010;010  6;;;;
3645;004;004  9;;;;
3646;010;010  6;;;;
3648;012;012  3;;;;
3649;004;004  13;;;;
3652;004;004  9;;;;
3653;010;010  6;;;;
3656;004;004  13;;;;
3660;010;010  6;;;;
3663;004;004  13;;;;
3669;004;004  9;;;;
3670;004;004  11;;;;
3676;004;004  9;;;;
3677;010;010  6;;;;
3683;004;004  9;;;;
3684;010;010  6;;;;
3691;010;010  6;;;;
3706;004;004  1;;;;
3707;010;010  6;;;;
3713;004;004  9;;;;
3721;004;004  5;;;;
3738;003;003  2;;;;
3744;004;004  9;;;;
3745;003;003  2;;;;
3752;003;003  2;;;;
3754;004;004  11;;;;
3769;003;003  1;;;;
3776;003;003  1;;;;
3778;004;004  11;;;;
3783;003;003  1;;;;
3785;004;004  11;;;;
3790;003;003  1;;;;
3792;004;004  11;;;;
3806;003;003  1;;;;
3808;004;004  11;;;;
3812;004;004  5;;;;
3813;003;003  1;;;;
3820;003;003  1;;;;
3822;004;004  17;;;;
3829;004;004  5;;;;
3836;004;004  5;;;;
3837;003;003  2;;;;
3839;011;011  2;;;;
3843;004;004  5;;;;
3844;002;002  5;;;;
3850;004;004  5;;;;
3851;002;002  5;;;;
3860;011;011  2;;;;
3861;011;011  3;;;;
3867;004;004  5;;;;
3868;002;002  5;;;;
3874;004;004  5;;;;
3875;002;002  5;;;;
3878;011;011  3;;;;
3881;004;004  6;;;;
3882;002;002  5;;;;
3885;011;011  3;;;;
3892;007;007  1;;;;
3898;004;004  6;;;;
3899;002;002  5;;;;
3904;004;004  6;;;;
3905;017;017  7;;;;
3908;007;007  1;;;;
3911;004;004  6;;;;
3912;008;008  1;;;;
3915;007;007  1;;;;
3921;017;017  12;;;;
3928;004;004  6;;;;
3929;008;008  1;;;;
3935;004;004  6;;;;
3936;008;008  1;;;;
3938;017;017  12;;;;
3939;007;007  1;;;;
3942;004;004  6;;;;
3943;008;008  1;;;;
3945;017;017  12;;;;
3950;008;008  1;;;;
3952;017;017  12;;;;
3959;005;005  2;;;;
3960;003;003  6;;;;
3966;005;005  2;;;;
3967;008;008  1;;;;
3973;005;005  2;;;;
3974;008;008  1;;;;
3977;007;007  2;;;;
3980;005;005  2;;;;
3981;008;008  1;;;;
3983;017;017  12;;;;
3984;003;003  2;;;;
3991;003;003  2;;;;
3997;004;004  6;;;;
3998;008;008  1;;;;
4000;004;004  6;;;;
4001;008;008  1;;;;
4004;003;003  2;;;;
4011;003;003  2;;;;
4017;004;004  6;;;;
4018;008;008  1;;;;
4024;004;004  6;;;;
4025;002;002  3;;;;
4028;003;003  2;;;;
4031;004;004  6;;;;
4032;002;002  3;;;;
4035;003;003  2;;;;
4048;004;004  6;;;;
4049;002;002  3;;;;
4055;004;004  6;;;;
4062;004;004  6;;;;
4066;007;007  2;;;;
4070;017;017  6;;;;
4073;001;001  3;;;;
4079;004;004  6;;;;
4080;001;001  3;;;;
4086;004;004  6;;;;
4087;017;017  6;;;;
4093;004;004  6;;;;
4094;017;017  6;;;;
4097;001;001  3;;;;
4100;017;017  6;;;;
4103;001;001  3;;;;
4110;001;001  3;;;;
4134;001;001  3;;;;
4141;001;001  3;;;;
4147;004;004  8;;;;
4148;017;017  6;;;;
4155;017;017  6;;;;
4162;017;017  6;;;;
4164;017;017  12;;;;
4171;017;017  12;;;;
4178;004;004  10;;;;
4179;017;017  6;;;;
4185;004;004  10;;;;
4186;017;017  6;;;;
4192;004;004  8;;;;
4193;017;017  6;;;;
4215;004;004  6;;;;
4216;002;002  3;;;;
4222;004;004  6;;;;
4223;002;002  3;;;;
4230;002;002  3;;;;
4239;004;004  6;;;;
4246;004;004  6;;;;
4247;002;002  3;;;;
4253;004;004  6;;;;
4254;002;002  3;;;;
4257;002;002  3;;;;
4260;004;004  6;;;;
4261;002;002  3;;;;
4263;004;004  20;;;;
4264;002;002  5;;;;
4270;004;004  20;;;;
4277;004;004  6;;;;
4278;002;002  3;;;;
4284;004;004  1;;;;
4285;002;002  3;;;;
4287;004;004  20;;;;
4291;004;004  1;;;;
4292;002;002  3;;;;
4300;004;004  20;;;;
4301;002;002  5;;;;
4307;004;004  1;;;;
4308;002;002  3;;;;
4314;004;004  6;;;;
4315;002;002  3;;;;
4317;004;004  20;;;;
4321;004;004  6;;;;
4322;002;002  3;;;;
4324;004;004  20;;;;
4325;;;;;;
4331;004;004  20;;;;
4332;004;004  17;;;;
4338;004;004  6;;;;
4339;002;002  3;;;;
4345;004;004  6;;;;
4346;002;002  3;;;;
4348;005;005  2;;;;
4352;004;004  6;;;;
4353;002;002  3;;;;
4360;002;002  3;;;;
4362;005;005  2;;;;
4369;004;004  6;;;;
4376;004;004  6;;;;
4377;002;002  3;;;;
4379;005;005  2;;;;
4383;004;004  6;;;;
4384;010;010  6;;;;
4386;;;;;;
4390;004;004  6;;;;
4391;010;010  6;;;;
4406;004;004  6;;;;
4407;010;010  6;;;;
4413;004;004  6;;;;
4414;010;010  6;;;;
4416;005;005  2;;;;
4420;004;004  6;;;;
4421;010;010  6;;;;
4437;008;008  3;;;;
4438;010;010  6;;;;
4444;008;008  3;;;;
4445;010;010  6;;;;
4448;004;004  20;;;;
4451;008;008  3;;;;
4452;010;010  6;;;;
4454;005;005  2;;;;
4455;004;004  20;;;;
4461;005;005  2;;;;
4462;004;004  20;;;;
4468;008;008  3;;;;
4469;008;008  6;;;;
4475;008;008  3;;;;
4476;008;008  6;;;;
4478;005;005  2;;;;
4479;004;004  20;;;;
4482;008;008  3;;;;
4483;008;008  6;;;;
4486;004;004  20;;;;
4490;008;008  6;;;;
4493;004;004  20;;;;
4499;008;008  3;;;;
4505;004;004  8;;;;
45050;;;;;;
45051;;;;;;
45052;;;;;;
45053;;;;;;
45054;;;;;;
45055;;;;;;
45056;;;;;;
45057;;;;;;
45058;;;;;;
45059;;;;;;
4506;008;008  6;;;;
45060;;;;;;
45061;;;;;;
45062;;;;;;
45063;;;;;;
45064;;;;;;
45065;;;;;;
45066;;;;;;
45067;;;;;;
45068;;;;;;
45069;;;;;;
45070;;;;;;
45071;;;;;;
45072;;;;;;
45073;;;;;;
45074;;;;;;
45075;;;;;;
45076;;;;;;
45077;;;;;;
45078;;;;;;
45079;;;;;;
45080;;;;;;
45081;;;;;;
45082;;;;;;
45083;;;;;;
45084;;;;;;
45085;;;;;;
45086;;;;;;
45087;;;;;;
45088;;;;;;
45089;;;;;;
4509;004;004  20;;;;
45090;;;;;;
45091;;;;;;
45092;;;;;;
45093;;;;;;
45094;;;;;;
45095;;;;;;
45096;;;;;;
45097;;;;;;
45098;;;;;;
45099;;;;;;
45100;;;;;;
45101;;;;;;
45102;;;;;;
45103;;;;;;
45104;;;;;;
45105;;;;;;
45106;;;;;;
45107;;;;;;
45108;;;;;;
45109;;;;;;
45110;;;;;;
45111;;;;;;
45112;;;;;;
45113;;;;;;
45114;;;;;;
4512;004;004  1;;;;
4513;008;008  6;;;;
4516;004;004  20;;;;
4523;004;004  20;;;;
4529;004;004  17;;;;
4530;004;004  20;;;;
4536;005;005  2;;;;
4543;005;005  2;;;;
4546;003;003  1;;;;
4547;004;004  20;;;;
4550;005;005  2;;;;
4553;003;003  1;;;;
4554;004;004  20;;;;
4560;003;003  1;;;;
4561;004;004  2;;;;
4567;012;012  1;;;;
4574;005;005  2;;;;
4577;003;003  1;;;;
4578;004;004  2;;;;
4584;003;003  1;;;;
4585;004;004  2;;;;
4591;003;003  1;;;;
4592;004;004  2;;;;
4598;005;005  2;;;;
4604;005;005  2;;;;
4607;003;003  1;;;;
4608;004;004  2;;;;
4611;005;005  2;;;;
4614;003;003  1;;;;
4615;004;004  2;;;;
4621;003;003  1;;;;
4622;004;004  2;;;;
4628;005;005  2;;;;
4635;005;005  2;;;;
4638;003;003  1;;;;
4639;004;004  2;;;;
4642;005;005  2;;;;
4645;003;003  1;;;;
4646;004;004  2;;;;
4652;003;003  1;;;;
4653;004;004  2;;;;
4659;005;005  2;;;;
4660;004;004  2;;;;
4666;005;005  2;;;;
4669;003;003  1;;;;
4673;005;005  2;;;;
4676;003;003  1;;;;
4677;004;004  2;;;;
4680;005;005  2;;;;
4683;003;003  1;;;;
4684;004;004  2;;;;
4690;003;003  1;;;;
4691;004;004  2;;;;
4697;005;005  2;;;;
4703;005;005  2;;;;
4706;003;003  1;;;;
4707;004;004  2;;;;
4710;005;005  2;;;;
4713;003;003  1;;;;
4714;004;004  2;;;;
4720;003;003  1;;;;
4721;004;004  2;;;;
4727;004;004  4;;;;
4734;005;005  2;;;;
4737;003;003  1;;;;
4738;004;004  2;;;;
4741;005;005  2;;;;
4744b;003;003  2;;;;
4745;004;004  2;;;;
4751b;003;003  2;;;;
4752;004;004  2;;;;
4758;005;005  2;;;;
4765;005;005  2;;;;
4769;004;004  2;;;;
4772;005;005  2;;;;
4775;;;;;;
4776;004;004  2;;;;
4782;;;;;;
4789;005;005  2;;;;
4790;004;004  2;;;;
4796;005;005  2;;;;
4799;;;;;;
4802;005;005  2;;;;
4805;;;;;;
4806;010;010  4;;;;
4813;010;010  4;;;;
4819;005;005  2;;;;
4820;010;010  4;;;;
4826;005;005  2;;;;
4833;011;011  12;;;;
4837;010;010  4;;;;
4840;011;011  12;;;;
4844;010;010  4;;;;
4851;010;010  4;;;;
4857;011;011  12;;;;
4864;011;011  12;;;;
4868;010;010  4;;;;
4871;010;010  5;;;;
4874;002;002  3;;;;
4875;010;010  4;;;;
4882;010;010  4;;;;
4888;010;010  5;;;;
4895;010;010  5;;;;
4898;004;004  20;;;;
4899;010;010  4;;;;
4901;008;008  2;;;;
4905;010;010  4;;;;
4911;004;004  20;;;;
4912;010;010  4;;;;
4928;004;004  20;;;;
4929;010;010  4;;;;
4932;008;008  2;;;;
4935;004;004  20;;;;
4936;010;010  4;;;;
4942;004;004  20;;;;
4943;010;010  4;;;;
4950;010;010  4;;;;
4956;008;008  2;;;;
4959;004;004  20;;;;
4963;010;010  1;;;;
4966;004;004  20;;;;
4967;010;010  1;;;;
4970;010;010  1;;;;
4980;004;004  20;;;;
4981;010;010  1;;;;
4987;010;010  1;;;;
4994;010;010  1;;;;
4998;010;010  1;;;;
5007;010;010  1;;;;
5014;010;010  1;;;;
5017;004;004  20;;;;
5021;010;010  1;;;;
5024;004;004  20;;;;
5031;004;004  20;;;;
5038;010;010  1;;;;
5045;010;010  1;;;;
5048;004;004  20;;;;
5049;010;010  1;;;;
505000;;;;;;
5052;010;010  1;;;;
5055;004;004  20;;;;
5056;010;010  1;;;;
5062;004;004  20;;;;
5063;010;010  1;;;;
5069;001;001  10;;;;
5070;010;010  1;;;;
5083;008;008  2;;;;
5086;004;004  20;;;;
5087;010;010  1;;;;
5090;008;008  2;;;;
5094;010;010  1;;;;
5100;010;010  1;;;;
5106;008;008  2;;;;
5116;004;004  20;;;;
5117;010;010  1;;;;
5120;008;008  2;;;;
5123;004;004  20;;;;
5124;010;010  1;;;;
5130;004;004  20;;;;
5131;010;010  1;;;;
5137;004;004  12;;;;
5144;004;004  12;;;;
5147;004;004  20;;;;
5148;003;003  1;;;;
5151;004;004  15;;;;
5152;002;002  3;;;;
5154;004;004  20;;;;
5155;003;003  1;;;;
5161;004;004  20;;;;
5162;003;003  1;;;;
5168;004;004  15;;;;
5169;002;002  3;;;;
5175;004;004  12;;;;
5176;002;002  3;;;;
5178;004;004  20;;;;
5179;003;003  1;;;;
5182;004;004  15;;;;
5183;002;002  3;;;;
5185;004;004  20;;;;
5186;003;003  1;;;;
5190;002;002  3;;;;
5192;004;004  2;;;;
5193;003;003  1;;;;
5199;004;004  12;;;;
5205;004;004  12;;;;
5206;002;002  3;;;;
5209;003;003  1;;;;
5212;004;004  12;;;;
5213;002;002  3;;;;
5216;003;003  1;;;;
5220;002;002  3;;;;
5223;003;003  1;;;;
5229;004;004  12;;;;
5230;003;003  1;;;;
5236;004;004  14;;;;
5237;002;002  3;;;;
5243;004;004  14;;;;
5244;017;017  2;;;;
5247;003;003  1;;;;
5250;004;004  14;;;;
5251;017;017  2;;;;
5254;003;003  1;;;;
5261;003;003  1;;;;
5267;004;004  4;;;;
5268;017;017  2;;;;
5274;004;004  4;;;;
5275;017;017  2;;;;
5276;010;010  7;;;;
5278;003;003  1;;;;
5281;004;004  4;;;;
5282;017;017  2;;;;
5284;003;003  2;;;;
5285;003;003  1;;;;
5292;003;003  1;;;;
5299;010;010  2;;;;
5305;010;010  2;;;;
5307;003;003  1;;;;
5308;003;003  1;;;;
5311;004;004  15;;;;
5312;010;010  2;;;;
5315;003;003  1;;;;
5322;003;003  1;;;;
5329;010;010  2;;;;
5336;010;010  2;;;;
5339;003;003  1;;;;
5343;010;010  2;;;;
5345;001;001  2;;;;
5350;010;010  2;;;;
5352;001;001  2;;;;
5366;004;004  6;;;;
5367;010;010  2;;;;
5369;001;001  2;;;;
5373;004;004  8;;;;
5374;010;010  2;;;;
5376;001;001  2;;;;
5380;004;004  8;;;;
5381;010;010  2;;;;
5383;001;001  2;;;;
5390;001;001  2;;;;
5397;004;004  8;;;;
5398;010;010  2;;;;
5403;004;004  8;;;;
5404;010;010  2;;;;
5405;017;017  4;;;;
5407;010;010  5;;;;
5410;004;004  8;;;;
5411;010;010  2;;;;
5414;004;004  4;;;;
5420;004;004  11;;;;
5421;004;004  4;;;;
5427;004;004  8;;;;
5428;010;010  2;;;;
5434;004;004  8;;;;
5435;010;010  2;;;;
5437;004;004  10;;;;
5441;004;004  8;;;;
5442;010;010  2;;;;
5444;004;004  20;;;;
5445;007;007  2;;;;
5452;010;010  5;;;;
5458;004;004  8;;;;
5459;010;010  2;;;;
5465;004;004  8;;;;
5466;010;010  2;;;;
5468;004;004  20;;;;
5469;004;004  12;;;;
5472;004;004  8;;;;
5473;010;010  2;;;;
5475;004;004  20;;;;
5480;010;010  2;;;;
5482;004;004  20;;;;
5497;010;010  2;;;;
5499;004;004  2;;;;
5503;010;010  2;;;;
5505;004;004  20;;;;
5506;010;010  5;;;;
5510;010;010  2;;;;
5512;004;004  20;;;;
5520;012;012  5;;;;
5526;004;004  15;;;;
5527;010;010  2;;;;
5529;004;004  20;;;;
5533;004;004  15;;;;
5534;010;010  2;;;;
5536;004;004  20;;;;
5537;012;012  5;;;;
5540;004;004  15;;;;
5541;010;010  2;;;;
5551;012;012  1;;;;
5557;004;004  15;;;;
5558;010;010  2;;;;
5564;004;004  12;;;;
5565;010;010  2;;;;
5568;012;012  1;;;;
5571;004;004  12;;;;
5572;010;010  2;;;;
5575;012;012  1;;;;
5588;004;004  12;;;;
5589;010;010  2;;;;
5595;008;008  5;;;;
5596;010;010  2;;;;
5599;012;012  1;;;;
5601;008;008  5;;;;
5602;010;010  2;;;;
5604;008;008  1;;;;
5605;012;012  1;;;;
5612;012;012  1;;;;
5618;008;008  5;;;;
5619;010;010  2;;;;
5625;008;008  5;;;;
5626;010;010  2;;;;
5628;008;008  1;;;;
5629;012;012  1;;;;
5632;008;008  5;;;;
5633;010;010  2;;;;
5635;008;008  1;;;;
5636;012;012  1;;;;
5642;008;008  1;;;;
5643;012;012  1;;;;
5649;008;008  5;;;;
5650;012;012  1;;;;
5656;008;008  5;;;;
5659;008;008  1;;;;
5663;008;008  5;;;;
5664;020;020  1;;;;
5666;008;008  2;;;;
5667;012;012  1;;;;
5670;008;008  5;;;;
5673;008;008  2;;;;
5674;012;012  1;;;;
5680;008;008  2;;;;
5687;008;008  5;;;;
5688;020;020  1;;;;
5694;008;008  5;;;;
5697;008;008  2;;;;
5698;012;012  1;;;;
5700;008;008  5;;;;
5701;020;020  1;;;;
5703;008;008  2;;;;
5704;012;012  1;;;;
5710;008;008  2;;;;
5711;012;012  1;;;;
5717;008;008  5;;;;
5718;020;020  1;;;;
5724;008;008  5;;;;
5725;020;020  1;;;;
5727;008;008  2;;;;
5728;012;012  1;;;;
5731;008;008  5;;;;
5732;020;020  1;;;;
5734;004;004  8;;;;
5735;012;012  1;;;;
5741;004;004  8;;;;
5742;012;012  1;;;;
5748;008;008  5;;;;
5749;020;020  1;;;;
5755;008;008  5;;;;
5756;020;020  1;;;;
5759;012;012  7;;;;
5762;008;008  5;;;;
5763;008;008  5;;;;
5766;012;012  1;;;;
5770;008;008  5;;;;
5772;004;004  10;;;;
5786;008;008  5;;;;
5787;008;008  5;;;;
5793;008;008  5;;;;
5800;008;008  5;;;;
5809;008;008  5;;;;
5810;012;012  1;;;;
5816;008;008  5;;;;
5817;008;008  5;;;;
5823;008;008  5;;;;
5824;008;008  5;;;;
5826;004;004  10;;;;
5830;008;008  5;;;;
5831;008;008  5;;;;
5833;004;004  10;;;;
5834;012;012  6;;;;
5847;008;008  5;;;;
5848;008;008  5;;;;
5855;008;008  5;;;;
5858;012;012  6;;;;
5862;008;008  5;;;;
5871;011;011  12;;;;
5872;010;010  3;;;;
5879;008;008  5;;;;
5885;001;001  10;;;;
5886;008;008  5;;;;
5888;011;011  12;;;;
5889;010;010  3;;;;
5892;008;008  6;;;;
5893;008;008  5;;;;
5895;011;011  12;;;;
5896;010;010  3;;;;
5901;011;011  12;;;;
5902;010;010  3;;;;
5908;008;008  6;;;;
5909;008;008  6;;;;
5915;008;008  6;;;;
5916;008;008  6;;;;
5918;011;011  12;;;;
5919;010;010  2;;;;
5922;008;008  6;;;;
5923;008;008  6;;;;
5926;010;010  2;;;;
5930;008;008  6;;;;
5933;010;010  2;;;;
5939;008;008  6;;;;
5940;010;010  4;;;;
5946;008;008  6;;;;
5947;008;008  6;;;;
5949;011;011  12;;;;
5953;008;008  6;;;;
5954;008;008  6;;;;
5956;011;011  12;;;;
5957;010;010  4;;;;
5960;008;008  6;;;;
5961;008;008  6;;;;
5963;011;011  12;;;;
5970;;;;;;
5977;008;008  6;;;;
5978;008;008  6;;;;
5984;008;008  6;;;;
5985;008;008  6;;;;
5988;012;012  3;;;;
5991;001;001  10;;;;
5992;008;008  6;;;;
5995;012;012  3;;;;
60 J 0;;;;;;
60 J 1;;;;;;
60 J 2;;;;;;
60 J 3;;;;;;
60 J 4;;;;;;
60 J 5;;;;;;
60 J 6;;;;;;
60 J 7;;;;;;
60 J 8;;;;;;
60 J 9;;;;;;
600-;;;;;;
6004;001;001  10;;;;
6005;008;008  6;;;;
6011;001;001  10;;;;
6012;008;008  6;;;;
6014;004;004  10;;;;
6015;012;012  3;;;;
6021;001;001  4;;;;
6022;008;008  2;;;;
6028;001;001  10;;;;
6029;019;019  7;;;;
6035;001;001  10;;;;
6036;019;019  7;;;;
6038;001;001  4;;;;
6042;001;001  10;;;;
6043;019;019  1;;;;
6050;019;019  2;;;;
6055;;;;;;
6067;019;019  1;;;;
6073;008;008  6;;;;
6074;019;019  1;;;;
6076;019;019  5;;;;
6080;008;008  6;;;;
6081;019;019  1;;;;
6097;008;008  6;;;;
6098;019;019  1;;;;
6103;008;008  6;;;;
6104;019;019  1;;;;
6106;001;001  2;;;;
6110;008;008  6;;;;
6111;019;019  7;;;;
6113;001;001  2;;;;
6120;001;001  2;;;;
6127;008;008  6;;;;
6128;019;019  7;;;;
6134;008;008  6;;;;
6135;019;019  1;;;;
6137;004;004  10;;;;
6141;008;008  6;;;;
6142;019;019  2;;;;
6144;004;004  10;;;;
6151;004;004  10;;;;
6158;008;008  6;;;;
6159;019;019  1;;;;
6165;008;008  6;;;;
6166;019;019  1;;;;
6168;002;002  3;;;;
6172;008;008  6;;;;
6173;019;019  1;;;;
6175;002;002  3;;;;
6180;019;019  1;;;;
6189;008;008  6;;;;
6196;008;008  6;;;;
6197;019;019  1;;;;
6202;008;008  6;;;;
6203;019;019  7;;;;
6206;004;004  8;;;;
6210;019;019  7;;;;
6213;004;004  8;;;;
6219;008;008  6;;;;
6220;004;004  8;;;;
6226;008;008  6;;;;
6233;008;008  6;;;;
6234;019;019  1;;;;
6237;004;004  8;;;;
6240;008;008  6;;;;
6241;019;019  1;;;;
6242;016;016  1;;;;
6257;008;008  6;;;;
6258;019;019  2;;;;
6264;008;008  6;;;;
6265;019;019  2;;;;
6271;008;008  6;;;;
6272;019;019  2;;;;
6275;004;004  8;;;;
6288;008;008  6;;;;
6289;019;019  7;;;;
6295;008;008  6;;;;
6296;019;019  7;;;;
6298;001;001  5;;;;
6301;008;008  6;;;;
6302;019;019  7;;;;
6304;001;001  5;;;;
6311;001;001  5;;;;
6318;008;008  6;;;;
6319;019;019  2;;;;
6325;008;008  6;;;;
6326;019;019  2;;;;
6332;008;008  6;;;;
6333;019;019  2;;;;
6340;019;019  2;;;;
6342;001;001  5;;;;
6349;008;008  6;;;;
6356;008;008  6;;;;
6357;019;019  7;;;;
6363;005;005  2;;;;
6364;019;019  2;;;;
6366;001;001  5;;;;
6370;006;006  3;;;;
6371;019;019  2;;;;
6373;001;001  5;;;;
6374;012;012  7;;;;
6380;001;001  5;;;;
6381;012;012  7;;;;
6387;006;006  3;;;;
6388;019;019  2;;;;
6394;008;008  6;;;;
6395;019;019  2;;;;
6397;001;001  5;;;;
6400;008;008  6;;;;
6401;019;019  2;;;;
6404;012;012  7;;;;
6411;012;012  7;;;;
6417;008;008  6;;;;
6418;019;019  1;;;;
6424;008;008  6;;;;
6425;019;019  1;;;;
6427;;;;;;
6431;008;008  6;;;;
6434;010;010  1;;;;
6435;012;012  4;;;;
6441;010;010  1;;;;
6442;012;012  4;;;;
6448;008;008  3;;;;
6449;019;019  7;;;;
6455;008;008  3;;;;
6456;019;019  1;;;;
6458;010;010  1;;;;
6462;003;003  2;;;;
6463;019;019  1;;;;
6465;010;010  1;;;;
6466;012;012  4;;;;
6470;019;019  2;;;;
6472;010;010  1;;;;
6473;012;012  8;;;;
6479;003;003  2;;;;
6480;012;012  8;;;;
6486;003;003  2;;;;
6487;019;019  5;;;;
6489;010;010  1;;;;
6493;003;003  2;;;;
6494;019;019  1;;;;
6496;010;010  1;;;;
6497;012;012  8;;;;
64s;003;003  3;;;;
65005-18;004;004  2;;;;
6503;012;012  4;;;;
6509;003;003  2;;;;
6510;012;012  4;;;;
6516;003;003  2;;;;
6517;019;019  1;;;;
6519;010;010  1;;;;
6523;003;003  2;;;;
6524;019;019  1;;;;
6526;010;010  1;;;;
6527;012;012  7;;;;
6530;003;003  2;;;;
6531;019;019  1;;;;
6533;010;010  1;;;;
6534;012;012  7;;;;
6540;010;010  1;;;;
6547;003;003  2;;;;
6548;019;019  1;;;;
6554;003;003  2;;;;
6555;019;019  1;;;;
6557;010;010  1;;;;
6561;003;003  2;;;;
6562;019;019  1;;;;
6564;010;010  1;;;;
6565;008;008  2;;;;
6571;010;010  1;;;;
6578;003;003  2;;;;
6579;019;019  1;;;;
6585;003;003  2;;;;
6592;003;003  2;;;;
6593;019;019  1;;;;
66;;;;;;
6608;003;003  2;;;;
6609;019;019  1;;;;
6610968;;;;;;
6610969;;;;;;
6610970;;;;;;
6610971;;;;;;
6610972;;;;;;
6610973;;;;;;
6610974;;;;;;
6610975;;;;;;
6610976;;;;;;
6610977;;;;;;
6610978;;;;;;
6610979;;;;;;
6610980;;;;;;
6610981;;;;;;
6610982;;;;;;
6610983;;;;;;
6610984;;;;;;
6610985;;;;;;
6610986;;;;;;
6610987;;;;;;
6610988;;;;;;
6610989;;;;;;
6610990;;;;;;
6610991;;;;;;
6610992;;;;;;
6610993;;;;;;
6610994;;;;;;
6610995;;;;;;
6610996;;;;;;
6610997;;;;;;
6610998;;;;;;
6610999;;;;;;
6616;019;019  1;;;;
6622;010;010  6;;;;
6630;019;019  1;;;;
6633;008;008  6;;;;
6639;010;010  6;;;;
6640;019;019  3;;;;
6646;010;010  6;;;;
6647;019;019  1;;;;
6653;010;010  6;;;;
6654;019;019  1;;;;
6657;008;008  6;;;;
6660;010;010  6;;;;
6661;019;019  1;;;;
6664;008;008  6;;;;
6671;008;008  6;;;;
6677;010;010  6;;;;
6684;010;010  6;;;;
6688;019;019  3;;;;
6691;010;010  6;;;;
6695;019;019  7;;;;
6700;001;001  6;;;;
6701;010;010  14;;;;
6707;010;010  6;;;;
6714;010;010  6;;;;
6715;019;019  1;;;;
6717;001;001  6;;;;
6718;019;019  5;;;;
6721;010;010  6;;;;
6722;019;019  2;;;;
6725;016;016  1;;;;
6731;001;001  6;;;;
6732;019;019  3;;;;
6738;010;010  6;;;;
6739;019;019  2;;;;
6745;010;010  6;;;;
6746;019;019  2;;;;
6748;001;001  6;;;;
6749;019;019  3;;;;
6753;019;019  2;;;;
6756;019;019  5;;;;
6760;019;019  2;;;;
6762;007;007  2;;;;
6763;016;016  1;;;;
6770;007;007  1;;;;
6777;019;019  2;;;;
6784;019;019  2;;;;
6786;004;004  20;;;;
6787;011;011  3;;;;
6790;008;008  3;;;;
6791;019;019  2;;;;
6793;004;004  20;;;;
6794;011;011  3;;;;
6800;011;011  3;;;;
6807;019;019  2;;;;
6809;004;004  20;;;;
6814;019;019  2;;;;
6816;004;004  20;;;;
6817;011;011  3;;;;
6820;010;010  3;;;;
6821;019;019  2;;;;
6823;004;004  10;;;;
6824;011;011  3;;;;
6830;004;004  10;;;;
6831;011;011  3;;;;
6837;010;010  3;;;;
6844;003;003  2;;;;
6848;011;011  3;;;;
6852;019;019  2;;;;
6855;011;011  3;;;;
6862;011;011  3;;;;
6869;019;019  2;;;;
6875;008;008  6;;;;
6876;019;019  2;;;;
6879;011;011  3;;;;
6882;004;004  14;;;;
6883;019;019  2;;;;
6886;011;011  3;;;;
6890;019;019  2;;;;
6893;011;011  3;;;;
6899;004;004  14;;;;
6905;004;004  14;;;;
6909;011;011  3;;;;
6912;004;004  14;;;;
6916;011;011  3;;;;
6923;011;011  3;;;;
6929;004;004  14;;;;
6930;011;011  3;;;;
6936;004;004  14;;;;
6943;004;004  14;;;;
6950;004;004  14;;;;
6967;003;003  1;;;;
6974;003;003  1;;;;
6975;019;019  5;;;;
6981;003;003  1;;;;
6982;019;019  5;;;;
6998;003;003  1;;;;
6999;017;017  4;;;;
7001;003;003  1;;;;
7002;019;019  5;;;;
7005;015;015  1;;;;
7018;003;003  1;;;;
7019;019;019  5;;;;
7025;003;003  1;;;;
7026;019;019  5;;;;
7032;003;003  1;;;;
7033;019;019  5;;;;
7040;019;019  10;;;;
7049;003;003  1;;;;
7050;010;010  11;;;;
7056;003;003  1;;;;
7057;019;019  5;;;;
7063;003;003  1;;;;
7064;019;019  4;;;;
7067;010;010  11;;;;
7070;003;003  1;;;;
7071;019;019  10;;;;
7074;010;010  11;;;;
7081;010;010  11;;;;
7087;003;003  1;;;;
7088;005;005  2;;;;
7094;003;003  1;;;;
7095;005;005  2;;;;
7098;010;010  11;;;;
7100;003;003  1;;;;
7101;011;011  10;;;;
7104;010;010  11;;;;
7111;010;010  11;;;;
7117;003;003  1;;;;
7118;005;005  2;;;;
7124;003;003  1;;;;
7125;019;019  3;;;;
7127;010;010  1;;;;
7128;010;010  11;;;;
7131;003;003  1;;;;
7132;019;019  3;;;;
7134;010;010  1;;;;
7135;010;010  11;;;;
7141;010;010  1;;;;
7148;003;003  1;;;;
7149;010;010  11;;;;
7155;003;003  1;;;;
7158;010;010  1;;;;
7159;011;011  4;;;;
7162;003;003  1;;;;
7163;010;010  13;;;;
7165;010;010  1;;;;
7166;011;011  3;;;;
7170;019;019  3;;;;
7172;010;010  1;;;;
7173;011;011  3;;;;
7179;003;003  1;;;;
7180;011;011  3;;;;
7186;003;003  1;;;;
7187;016;016  1;;;;
7189;010;010  1;;;;
7193;003;003  1;;;;
7196;010;010  1;;;;
7197;011;011  3;;;;
7200;019;019  4;;;;
7202;010;010  1;;;;
7203;011;011  3;;;;
7209;003;003  1;;;;
7210;011;011  3;;;;
7216;003;003  1;;;;
7217;019;019  4;;;;
7219;010;010  1;;;;
7223;003;003  1;;;;
7226;010;010  1;;;;
7227;011;011  3;;;;
7230;003;003  1;;;;
7231;019;019  4;;;;
7234;011;011  3;;;;
7241;011;011  3;;;;
7247;003;003  1;;;;
7254;003;003  1;;;;
7255;019;019  4;;;;
7257;010;010  1;;;;
7258;011;011  3;;;;
7261;010;010  3;;;;
7262;019;019  4;;;;
7265;011;011  3;;;;
7272;011;011  3;;;;
7278;010;010  3;;;;
7279;019;019  4;;;;
7285;010;010  2;;;;
7286;019;019  4;;;;
7289;011;011  3;;;;
7292;010;010  2;;;;
7293;019;019  4;;;;
7296;011;011  3;;;;
7302;011;011  3;;;;
7308;010;010  2;;;;
7309;019;019  4;;;;
7315;004;004  4;;;;
7316;019;019  4;;;;
7319;011;011  3;;;;
7323;019;019  4;;;;
7326;011;011  3;;;;
7330;019;019  4;;;;
7339;004;004  4;;;;
7346;004;004  4;;;;
7347;019;019  4;;;;
7353;004;004  6;;;;
7354;019;019  4;;;;
7357;012;012  1;;;;
7360;004;004  12;;;;
7361;019;019  4;;;;
7377;004;004  12;;;;
7378;019;019  4;;;;
7384;004;004  12;;;;
7385;017;017  8;;;;
7388;006;006  2;;;;
7391;004;004  15;;;;
7392;019;019  4;;;;
7407;004;004  15;;;;
7408;019;019  4;;;;
7414;004;004  15;;;;
7415;019;019  5;;;;
7421;004;004  15;;;;
7422;019;019  5;;;;
7438;004;004  15;;;;
7439;019;019  5;;;;
7445;004;004  15;;;;
7446;011;011  2;;;;
7449;006;006  1;;;;
7452;004;004  15;;;;
7453;011;011  2;;;;
7460;019;019  3;;;;
7469;004;004  15;;;;
7476;004;004  15;;;;
7477;019;019  3;;;;
7483;004;004  15;;;;
7484;019;019  3;;;;
7491;019;019  3;;;;
7494;003;003  2;;;;
7514;019;019  3;;;;
7517;009;009  2;;;;
7521;019;019  3;;;;
7524;003;003  2;;;;
7531;003;003  1;;;;
7545;019;019  3;;;;
7548;003;003  1;;;;
7552;019;019  3;;;;
7555;003;003  1;;;;
7562;003;003  1;;;;
7568;004;004  10;;;;
7569;019;019  3;;;;
7575;004;004  12;;;;
7576;019;019  3;;;;
7579;003;003  1;;;;
7582;004;004  12;;;;
7586;003;003  1;;;;
7590;019;019  3;;;;
7593;003;003  1;;;;
7599;004;004  4;;;;
7605;004;004  4;;;;
7606;019;019  3;;;;
7609;003;003  1;;;;
7612;004;004  4;;;;
7616;003;003  1;;;;
7623;003;003  1;;;;
7629;004;004  4;;;;
7636;004;004  4;;;;
7637;016;016  1;;;;
7644;016;016  1;;;;
7650;003;003  3;;;;
7651;016;016  1;;;;
7667;003;003  3;;;;
7668;016;016  1;;;;
7674;003;003  3;;;;
7675;016;016  1;;;;
7678;011;011  3;;;;
7681;003;003  3;;;;
7682;019;019  3;;;;
7691;;;;;;
7698;003;003  3;;;;
7699;019;019  3;;;;
7704;003;003  3;;;;
7705;019;019  3;;;;
7711;003;003  3;;;;
7712;019;019  3;;;;
7728;003;003  3;;;;
7729;019;019  3;;;;
7735;003;003  3;;;;
7742;003;003  3;;;;
7745;;;;;;
7746;012;012  10;;;;
7750;019;019  3;;;;
7753;012;012  10;;;;
7760;012;012  1;;;;
7773;004;004  11;;;;
7777;010;010  4;;;;
7780;004;004  15;;;;
7784;010;010  4;;;;
7791;004;004  14;;;;
7804;011;011  2;;;;
7807;004;004  14;;;;
7811;011;011  3;;;;
7814;004;004  14;;;;
7828;011;011  3;;;;
7835;019;019  5;;;;
7838;004;004  17;;;;
7842;019;019  5;;;;
7845;011;011  2;;;;
7859;016;016  1;;;;
7866;019;019  5;;;;
7873;019;019  5;;;;
7880;019;019  5;;;;
7889;004;004  14;;;;
7890;006;006  1;;;;
7896;004;004  14;;;;
7897;019;019  5;;;;
7902;010;010  14;;;;
7903;019;019  5;;;;
7910;019;019  5;;;;
7919;004;004  15;;;;
7927;019;019  5;;;;
7934;019;019  5;;;;
7937;013;013  1;;;;
7940;011;011  3;;;;
7941;010;010  14;;;;
7944;011;011  3;;;;
7950d;;;;;;
7951;011;011  3;;;;
7957;011;011  3;;;;
7958;010;010  14;;;;
7964;011;011  3;;;;
7965;019;019  5;;;;
7967d;;;;;;
7968;011;011  3;;;;
7971;011;011  3;;;;
7972;019;019  5;;;;
7974d;;;;;;
7975;011;011  3;;;;
7981;;;;;;
7981d;;;;;;
7982;011;011  3;;;;
7988;003;003  2;;;;
7995;003;003  2;;;;
7996;010;010  14;;;;
7998d;;;;;;
7999;011;011  3;;;;
8001d;;;;;;
8002;002;002  3;;;;
8008;003;003  2;;;;
8009;010;010  14;;;;
8015;003;003  2;;;;
8016;019;019  5;;;;
8019;002;002  3;;;;
8022;003;003  2;;;;
8023;019;019  5;;;;
8025d;;;;;;
8026;002;002  3;;;;
8032d;;;;;;
8039;003;003  2;;;;
8046;003;003  2;;;;
8047;019;019  5;;;;
8049d;;;;;;
8053;003;003  2;;;;
8054;010;010  14;;;;
8056d;;;;;;
8057;002;002  3;;;;
8060;003;003  2;;;;
8061;019;019  5;;;;
8063d;;;;;;
8064;002;002  3;;;;
8070d;;;;;;
8071;002;002  3;;;;
8077;003;003  2;;;;
8084;003;003  2;;;;
8087;;;;;;
8087d;;;;;;
8088;002;002  3;;;;
8091;003;003  2;;;;
8092;019;019  5;;;;
8094d;;;;;;
8095;002;002  3;;;;
8100d;;;;;;
8101;002;002  3;;;;
8107;003;003  2;;;;
8108;019;019  5;;;;
8112;;;;;;
8114;003;003  2;;;;
8121;003;003  2;;;;
8122;010;010  14;;;;
8124d;;;;;;
8125;010;010  1;;;;
8131d;;;;;;
8138;003;003  2;;;;
8139;019;019  5;;;;
8146;019;019  5;;;;
8148d;;;;;;
8149;011;011  3;;;;
8152;003;003  2;;;;
8155d;;;;;;
8156;011;011  3;;;;
8160;019;019  5;;;;
8162d;;;;;;
8163;011;011  3;;;;
8169;005;005  2;;;;
8170;011;011  3;;;;
8176;008;008  2;;;;
8177;019;019  5;;;;
8179d;;;;;;
8183;008;008  2;;;;
8186d;;;;;;
8187;011;011  2;;;;
8190;016;016  1;;;;
8191;019;019  5;;;;
8193d;;;;;;
8200;002;002  3;;;;
8206;005;005  2;;;;
8209d;;;;;;
8213;016;016  1;;;;
8216d;;;;;;
8217;002;002  3;;;;
8220;016;016  1;;;;
8223d;;;;;;
8230d;;;;;;
8231;012;012  1;;;;
8238;019;019  5;;;;
8245;019;019  5;;;;
8247d;;;;;;
8252;019;019  5;;;;
8254d;;;;;;
8255;012;012  1;;;;
8261d;;;;;;
8262;012;012  1;;;;
8269;019;019  5;;;;
8275;016;016  1;;;;
8276;019;019  5;;;;
8278d;;;;;;
8279;008;008  1;;;;
8282;016;016  1;;;;
8283;019;019  5;;;;
8285d;;;;;;
8290;019;019  5;;;;
8299;004;004  15;;;;
8305;004;004  8;;;;
8306;019;019  5;;;;
8308d;;;;;;
8309;008;008  2;;;;
8312;004;004  8;;;;
8313;019;019  5;;;;
8315d;;;;;;
8320;019;019  5;;;;
8322d;;;;;;
8329;004;004  8;;;;
8330;001;001  1;;;;
8332;019;019  5;;;;
8336;004;004  8;;;;
8337;019;019  5;;;;
8339d;;;;;;
8343;004;004  8;;;;
8344;019;019  5;;;;
8346d;;;;;;
8347;001;001  1;;;;
8350;004;004  8;;;;
8353d;;;;;;
8361;010;010  3;;;;
8367;004;004  8;;;;
8374;010;010  7;;;;
8377d;;;;;;
8378;010;010  3;;;;
8381;010;010  7;;;;
8382;019;019  5;;;;
8384d;;;;;;
8385;010;010  3;;;;
8391d;;;;;;
8392;010;010  3;;;;
8398;010;010  7;;;;
8399;019;019  5;;;;
8404;010;010  7;;;;
8407d;;;;;;
8408;010;010  3;;;;
8411;010;010  7;;;;
8412;019;019  5;;;;
8415;010;010  3;;;;
8421d;;;;;;
8422;010;010  3;;;;
8428;010;010  7;;;;
8435;010;010  7;;;;
8436;019;019  5;;;;
8438d;;;;;;
8439;010;010  3;;;;
8442;010;010  7;;;;
8443;019;019  5;;;;
8445d;;;;;;
8446;010;010  3;;;;
8450;019;019  5;;;;
8452d;;;;;;
8453;010;010  3;;;;
8459;010;010  7;;;;
8460;010;010  3;;;;
8466;010;010  7;;;;
8467;019;019  5;;;;
8469d;;;;;;
8473;010;010  7;;;;
8474;019;019  5;;;;
8476;005;005  2;;;;
8477;010;010  3;;;;
8481;019;019  5;;;;
8483;005;005  2;;;;
8484;010;010  3;;;;
8490;005;005  2;;;;
8491;010;010  3;;;;
8498;019;019  5;;;;
8504;019;019  5;;;;
8506;005;005  2;;;;
8507;010;010  3;;;;
8513;005;005  2;;;;
8514;010;010  3;;;;
85167-36;004;004  2;;;;
8518;008;008  6;;;;
8520;005;005  2;;;;
8521;010;010  3;;;;
8528;016;016  1;;;;
8537;005;005  2;;;;
8538;010;010  3;;;;
8542;010;010  14;;;;
8544;015;015  1;;;;
8545;010;010  3;;;;
8551;015;015  1;;;;
8552;010;010  3;;;;
8559;010;010  14;;;;
8566;016;016  1;;;;
8569;010;010  3;;;;
8572;008;008  6;;;;
8575;015;015  1;;;;
8576;010;010  3;;;;
8583;010;010  3;;;;
8589;008;008  6;;;;
8590;010;010  3;;;;
8599;015;015  1;;;;
8602;008;008  2;;;;
8603;019;019  5;;;;
8606;010;010  2;;;;
8612;015;015  1;;;;
8613;010;010  2;;;;
8619;008;008  2;;;;
8620;010;010  2;;;;
8626;004;004  19;;;;
8627;019;019  5;;;;
8633;017;017  4;;;;
8634;019;019  5;;;;
8637;010;010  2;;;;
8640;017;017  4;;;;
8641;019;019  5;;;;
8644;010;010  2;;;;
8651;010;010  2;;;;
8657;017;017  4;;;;
8664;017;017  4;;;;
8665;019;019  5;;;;
8667;015;015  1;;;;
8668;010;010  2;;;;
8672;019;019  5;;;;
8674;015;015  1;;;;
8675;010;010  2;;;;
8682;010;010  2;;;;
8688;017;017  4;;;;
8696;019;019  2;;;;
8699;010;010  2;;;;
8701;017;017  4;;;;
8702;019;019  4;;;;
8705;010;010  2;;;;
8712;010;010  2;;;;
8718;008;008  6;;;;
8719;019;019  5;;;;
8725;004;004  14;;;;
8729;010;010  2;;;;
8732;004;004  14;;;;
8733;019;019  5;;;;
8736;010;010  2;;;;
8740;019;019  5;;;;
8743;010;010  2;;;;
8750;010;010  2;;;;
8764;019;019  7;;;;
8767;010;010  2;;;;
8771;019;019  4;;;;
8774;010;010  2;;;;
8780;015;015  1;;;;
8781;010;010  2;;;;
8794;011;011  2;;;;
8795;019;019  4;;;;
8797;015;015  1;;;;
8798;010;010  2;;;;
8800;011;011  2;;;;
8804;010;010  2;;;;
88050-18;004;004  2;;;;
88051-36;004;004  2;;;;
8810;015;015  1;;;;
8811;010;010  2;;;;
8817;011;011  2;;;;
8818;019;019  5;;;;
8824;011;011  2;;;;
8827;015;015  1;;;;
8828;010;010  2;;;;
8834;015;015  1;;;;
8835;010;010  2;;;;
8842;010;010  11;;;;
8848;011;011  2;;;;
8849;019;019  4;;;;
8856;019;019  5;;;;
8859;001;001  1;;;;
8862;017;017  4;;;;
8863;019;019  5;;;;
8865;015;015  1;;;;
8866;001;001  1;;;;
8870;019;019  5;;;;
8872;015;015  1;;;;
8873;004;004  17;;;;
8879;017;017  4;;;;
8880;010;010  3;;;;
8886;017;017  4;;;;
8893;016;016  1;;;;
8894;010;010  14;;;;
8897;010;010  3;;;;
8903;010;010  3;;;;
89065-09;004;004  2;;;;
89076-18;004;004  2;;;;
89080-18;004;004  2;;;;
8910;010;010  3;;;;
8923;017;017  4;;;;
8924;019;019  5;;;;
8926;015;015  1;;;;
8927;001;001  1;;;;
8930;017;017  4;;;;
8931;012;012  1;;;;
8933;015;015  1;;;;
8934;009;009  2;;;;
8940;015;015  1;;;;
8941;009;009  2;;;;
8947;017;017  4;;;;
8948;012;012  1;;;;
8954;017;017  4;;;;
8955;012;012  1;;;;
8958;004;004  11;;;;
8961;017;017  4;;;;
8964;015;015  1;;;;
8965;010;010  3;;;;
8972;010;010  3;;;;
8978;017;017  4;;;;
8979;016;016  1;;;;
8988;015;015  1;;;;
8989;010;010  3;;;;
8992;004;004  5;;;;
8993;010;010  11;;;;
8996;010;010  3;;;;
9005;004;004  5;;;;
9006;010;010  11;;;;
9009;010;010  3;;;;
9012;004;004  5;;;;
9013;010;010  11;;;;
9016;010;010  3;;;;
9020;010;010  11;;;;
9022;015;015  1;;;;
9023;010;010  3;;;;
9029;004;004  5;;;;
9030;010;010  3;;;;
9036;004;004  5;;;;
9037;010;010  11;;;;
9043;004;004  5;;;;
9044;010;010  3;;;;
9046;015;015  1;;;;
9050;004;004  21;;;;
9051;010;010  2;;;;
9054;009;009  2;;;;
9061;009;009  2;;;;
9067;010;010  7;;;;
9068;010;010  3;;;;
9074;010;010  7;;;;
9075;010;010  3;;;;
9081;010;010  7;;;;
9082;010;010  2;;;;
9085;009;009  2;;;;
9092;009;009  2;;;;
9098;010;010  7;;;;
9099;017;017  7;;;;
9105;010;010  3;;;;
9112;010;010  3;;;;
9115;009;009  2;;;;
9122;009;009  2;;;;
9129;017;017  7;;;;
9136;010;010  3;;;;
9139;009;009  2;;;;
9142;003;003  2;;;;
9143;010;010  3;;;;
9146;009;009  2;;;;
9150;017;017  7;;;;
9159;004;004  4;;;;
9160;009;009  2;;;;
9166;004;004  4;;;;
9173;010;010  14;;;;
9174;010;010  3;;;;
9176;015;015  1;;;;
9180;010;010  14;;;;
9181;010;010  3;;;;
9203;004;004  1;;;;
9204;010;010  3;;;;
9210;004;004  1;;;;
9211;010;010  3;;;;
9214;009;009  2;;;;
9221;009;009  2;;;;
9227;004;004  1;;;;
9234;004;004  1;;;;
9238;009;009  2;;;;
9241;004;004  1;;;;
9242;010;010  3;;;;
9258;004;004  1;;;;
9259;010;010  3;;;;
9265;004;004  1;;;;
9268;004;004  8;;;;
9272;004;004  1;;;;
9273;010;010  3;;;;
9276;009;009  2;;;;
9280;010;010  3;;;;
9289;004;004  1;;;;
9290;009;009  2;;;;
9296;004;004  1;;;;
9306;009;009  2;;;;
9310;010;010  3;;;;
9313;009;009  2;;;;
9319;004;004  9;;;;
9320;009;009  2;;;;
9326;004;004  9;;;;
9333;004;004  6;;;;
9337;009;009  2;;;;
9340;004;004  6;;;;
9344;009;009  2;;;;
9357;008;008  2;;;;
9364;008;008  2;;;;
9368;010;010  3;;;;
9371;008;008  2;;;;
9375;010;010  3;;;;
9381;003;003  1;;;;
9382;010;010  3;;;;
9388;008;008  2;;;;
9398;003;003  1;;;;
9399;010;010  2;;;;
9401;018;018  1;;;;
9404;003;003  1;;;;
9405;010;010  2;;;;
9411;003;003  1;;;;
9412;010;010  2;;;;
9418;019;019  5;;;;
9426;017;017  4;;;;
9428;003;003  1;;;;
9429;010;010  3;;;;
9433;017;017  4;;;;
9435;003;003  1;;;;
9436;003;003  2;;;;
9440;004;004  10;;;;
9442;003;003  1;;;;
9443;003;003  2;;;;
9457;004;004  10;;;;
9459;003;003  1;;;;
9463;003;003  1;;;;
9464;004;004  10;;;;
9466;003;003  1;;;;
9467;004;004  17;;;;
9470;003;003  1;;;;
9471;004;004  10;;;;
9473;003;003  1;;;;
9480;003;003  2;;;;
9481;017;017  6;;;;
9487;003;003  1;;;;
9488;004;004  10;;;;
9494;003;003  1;;;;
9495;004;004  10;;;;
9497;003;003  2;;;;
9498;003;003  3;;;;
9500;003;003  1;;;;
9501;004;004  10;;;;
9503;003;003  2;;;;
9504;011;011  4;;;;
9510;003;003  2;;;;
9511;004;004  19;;;;
9517;003;003  1;;;;
9518;004;004  10;;;;
9524;003;003  1;;;;
9525;004;004  10;;;;
9527;003;003  2;;;;
9528;004;004  19;;;;
9531;003;003  1;;;;
9532;010;010  13;;;;
9534;003;003  2;;;;
9535;004;004  19;;;;
9541;003;003  2;;;;
9542;004;004  19;;;;
9548;003;003  1;;;;
9549;010;010  13;;;;
9555;003;003  1;;;;
9556;010;010  13;;;;
9558;003;003  2;;;;
9559;004;004  19;;;;
9562;008;008  2;;;;
9563;010;010  13;;;;
9565;010;010  14;;;;
9566;004;004  19;;;;
9570;010;010  13;;;;
9572;010;010  14;;;;
9573;004;004  19;;;;
9579;004;004  5;;;;
9580;004;004  19;;;;
9586;004;004  5;;;;
9587;010;010  13;;;;
9589;003;003  2;;;;
9594;010;010  13;;;;
9596;003;003  2;;;;
9597;004;004  19;;;;
9600;010;010  13;;;;
9602;003;003  2;;;;
9603;004;004  13;;;;
9609;004;004  19;;;;
9610;010;010  1;;;;
9616;003;003  3;;;;
9617;010;010  13;;;;
9619;003;003  2;;;;
9623;003;003  3;;;;
9624;010;010  13;;;;
9626;003;003  2;;;;
9627;010;010  1;;;;
9630;003;003  3;;;;
9631;010;010  11;;;;
9633;003;003  2;;;;
9634;011;011  3;;;;
9640;003;003  2;;;;
9641;011;011  3;;;;
9647;003;003  3;;;;
9648;016;016  1;;;;
9654;003;003  3;;;;
9657;003;003  2;;;;
9658;011;011  3;;;;
9661;003;003  3;;;;
9662;017;017  4;;;;
9664;003;003  2;;;;
9665;011;011  3;;;;
9671;003;003  2;;;;
9672;011;011  3;;;;
9678;003;003  3;;;;
9679;017;017  4;;;;
9685;003;003  3;;;;
9686;017;017  4;;;;
9688;003;003  2;;;;
9689;011;011  3;;;;
9692;003;003  3;;;;
9693;008;008  5;;;;
9695;003;003  2;;;;
9696;011;011  3;;;;
9701;003;003  2;;;;
9702;011;011  3;;;;
9708;003;003  3;;;;
9709;017;017  4;;;;
9715;011;011  2;;;;
9716;016;016  1;;;;
9719;011;011  3;;;;
9722;011;011  2;;;;
9723;016;016  1;;;;
9726;011;011  3;;;;
9730;016;016  1;;;;
9732;004;004  10;;;;
9733;011;011  3;;;;
9739;011;011  2;;;;
9740;011;011  3;;;;
9746;011;011  2;;;;
9747;016;016  1;;;;
9753;010;010  6;;;;
9754;016;016  1;;;;
9757;011;011  3;;;;
9760;010;010  6;;;;
9761;016;016  1;;;;
9764;011;011  3;;;;
9770;013;013  1;;;;
9771;011;011  3;;;;
9777;010;010  6;;;;
9778;016;016  1;;;;
9784;010;010  6;;;;
9785;019;019  4;;;;
9787;013;013  1;;;;
9788;011;011  3;;;;
9791;010;010  6;;;;
9792;019;019  4;;;;
9795;011;011  3;;;;
9800;007;007  1;;;;
9801;011;011  3;;;;
9807;010;010  6;;;;
9808;004;004  8;;;;
981352;;;;;;
981353;;;;;;
981354;;;;;;
981355;;;;;;
981356;;;;;;
981357;;;;;;
981358;;;;;;
981359;;;;;;
981360;;;;;;
981361;;;;;;
981362;;;;;;
981363;;;;;;
981364;;;;;;
981365;;;;;;
981366;;;;;;
981367;;;;;;
981368;;;;;;
981369;;;;;;
981370;;;;;;
981371;;;;;;
981372;;;;;;
981373;;;;;;
981374;;;;;;
981375;;;;;;
981376;;;;;;
981377;;;;;;
981378;;;;;;
981379;;;;;;
981380;;;;;;
981381;;;;;;
981382;;;;;;
981383;;;;;;
981384;;;;;;
981385;;;;;;
981386;;;;;;
981387;;;;;;
981388;;;;;;
981389;;;;;;
981390;;;;;;
981391;;;;;;
981392;;;;;;
981393;;;;;;
9814;010;010  6;;;;
9815;019;019  2;;;;
9817;019;019  10;;;;
9818;011;011  3;;;;
9821;011;011  2;;;;
9822;019;019  1;;;;
9824;019;019  10;;;;
9825;011;011  3;;;;
9831;019;019  10;;;;
9832;011;011  3;;;;
9838;011;011  2;;;;
9839;019;019  9;;;;
9845;010;010  6;;;;
9846;019;019  9;;;;
9849;011;011  3;;;;
9852;010;010  1;;;;
9853;016;016  1;;;;
9856;011;011  3;;;;
9860;016;016  1;;;;
9862;019;019  10;;;;
9863;011;011  3;;;;
9869;010;010  1;;;;
9870;011;011  3;;;;
9876;010;010  1;;;;
9877;016;016  1;;;;
9883;010;010  1;;;;
9884;016;016  1;;;;
9886;004;004  11;;;;
9890;010;010  1;;;;
9891;016;016  1;;;;
9893;004;004  11;;;;
9894;010;010  1;;;;
9906;010;010  1;;;;
9907;016;016  1;;;;
9913;010;010  1;;;;
9914;016;016  1;;;;
9916;003;003  1;;;;
9920;010;010  1;;;;
9921;016;016  1;;;;
9923;003;003  1;;;;
9930;003;003  1;;;;
9937;010;010  1;;;;
9938;016;016  1;;;;
9944;010;010  1;;;;
9945;016;016  1;;;;
9947;003;003  1;;;;
9951;010;010  1;;;;
9952;016;016  1;;;;
9954;003;003  1;;;;
9968;010;010  1;;;;
9969;016;016  1;;;;
9975;010;010  1;;;;
9976;016;016  1;;;;
9982;010;010  1;;;;
9983;016;016  1;;;;
9990;016;016  1;;;;
9999;010;010  1;;;;
A 60;;;;;;
A60 10;;;;;;
A60 11;;;;;;
A60 19;;;;;;
A60 22;;;;;;
A60 26;;;;;;
A60 46;;;;;;
A60-01;;;;;;
A60-02;;;;;;
A60-06;;;;;;
A60-09;;;;;;
A60-12;;;;;;
A70 R-05;;;;;;
A80 19 ROSSO;;;;;;
AD 80 Q.F;;;;;;
AD80 B.C;;;;;;
AD80 T.A;;;;;;
AS80 SMILE;;;;;;
CN90003;;;;;;
CN90011;;;;;;
CN90017;;;;;;
CN90019;;;;;;
CN90023;;;;;;
CN90024;;;;;;
CN90027;;;;;;
CR 2 55;;;;;;
CR-45;;;;;;
D4 STANDARD;;;;;;
d4-80;;;;;;
ESPOSITORE;013;013  2;;;;
ESPOSITORE 40;013;013  2;;;;
ESPOSITORE 81;013;013  2;;;;
G110 10;;;;;;
G110 11;;;;;;
G110 14;;;;;;
G110 19;;;;;;
G110 22;;;;;;
G110 26;;;;;;
G110 46;;;;;;
G110 ASS;;;;;;
G110-01;;;;;;
G110-02;;;;;;
G110-04;;;;;;
G110-06;;;;;;
G110-09;;;;;;
G110-10;;;;;;
G110-11;;;;;;
G110-14;;;;;;
G110-45;;;;;;
G110-49;;;;;;
G110-80;;;;;;
GD90 18 ANNI;;;;;;
GD90 26-B;;;;;;
GD90 46-B;;;;;;
GD90 46-N;;;;;;
GM90;;;;;;
GM90 29;;;;;;
GPB1;;;;;;
GPF020;;;;;;
GPFD5;;;;;;
GS 90 1C;;;;;;
GS 90 1R;;;;;;
GS 90 C;;;;;;
GS 90 F;;;;;;
GS 90 L;;;;;;
GS 90 W;;;;;;
GS BCB;;;;;;
GS90;;;;;;
GS90 B;;;;;;
GS90 BC C;;;;;;
GS90 BC R;;;;;;
GS90 G;;;;;;
GS90 R;;;;;;
GS90 TA;;;;;;
PT/20;004;004  5;;;;
RR 10 P ASS;;;;;;
RR 10PS ROSSO;;;;;;
RR 12 ARANCIONE;;;;;;
RR 12 BIANCO;;;;;;
RR 12 Blu;;;;;;
RR 12 CELESTE;;;;;;
RR 12 GIALLO;;;;;;
RR 12 NERO;;;;;;
RR 12 P ASSORTITI;;;;;;
RR 12 ROSA;;;;;;
RR 12 ROSSO;;;;;;
RR 12 TIFFANY;;;;;;
RR 12 Verde;;;;;;
RR 7;;;;;;
RR 7 arancio;;;;;;
RR 7 Giallo;;;;;;
RR 7 Rosa;;;;;;
RR 7 Rosso;;;;;;
RR 7 Verde chiaro;;;;;;
RR 7 Viola;;;;;;
RR METAL.ARGENTO;;;;;;
RR METAL.BIANCO;;;;;;
RR10 1 COMPL.CEL;;;;;;
RR10 1 COMPL.ROSA;;;;;;
RR10 18 ANNI;;;;;;
RR10 BAT CEL;;;;;;
RR10 BAT ROS;;;;;;
RR10 BC ASS;;;;;;
RR10 BCC;;;;;;
RR10 BCR;;;;;;
RR10 E' NATA;;;;;;
RR10 E' NATO;;;;;;
RR10 E'QUI LA FESTA;;;;;;
RR10 LAUREA;;;;;;
RR10 METAL.ORO;;;;;;
RR10 Smile;;;;;;
RR10 TA;;;;;;
RR10 TAC;;;;;;
RR10 TAR;;;;;;
RR10 W GLI SPOSI;;;;;;
RR10COMUN;;;;;;
RR7 ASS;;;;;;
RR7 GIALLO;;;;;;
RR7 VERDE CHIARO;;;;;;
RR7Nero;;;;;;
RR7P Rosso;;;;;;
RS POIS ARANCIO;;;;;;
RS POIS ASSORT;;;;;;
RS POIS BLU;;;;;;
RS POIS CELESTE;;;;;;
RS POIS FUCSIA;;;;;;
RS POIS GIALLO;;;;;;
RS POIS NERO;;;;;;
RS POIS ROSA;;;;;;
RS POIS ROSSO;;;;;;
RS POIS TRASP;;;;;;
RS POIS VERDE;;;;;;
RS POIS VERDE BOT;;;;;;
RS POIS VERDE CHIARO;;;;;;
RS POIS VIOLA;;;;;;
8757;019;019  5;;;;
73067;017;017  14;;;;
73074;017;017  14;;;;
73081;017;017  14;;;;
73098;017;017  14;;;;
73104;017;017  14;;;;
73111;017;017  14;;;;
73128;017;017  14;;;;
73142;017;017  14;;;;
73159;017;017  14;;;;
73135;017;017  14;;;;
3272;017;017  3;;;;
3319;017;017  3;;;;
3357;017;017  3;;;;
3395;017;017  3;;;;
3432;017;017  3;;;;
3470;017;017  3;;;;
75207;017;017  14;;;;
75214;017;017  14;;;;
75221;017;017  14;;;;
75252;017;017  14;;;;
75245;017;017  14;;;;
75238;017;017  14;;;;
75269;017;017  14;;;;
75283;017;017  14;;;;
75290;017;017  14;;;;
2657;017;017  15;;;;
8726;019;019  5;;;;
RR 7 VERDE ACQUA;;;;;;
0127;019;019  4;;;;
0103;008;008  5;;;;
0110;008;008  5;;;;
1551;017;017  4;;;;
1568;017;017  4;;;;
1575;010;010  11;;;;
981394;;;;;;
981395;;;;;;
981396;;;;;;
981397;;;;;;
RR 7 Bianco;;;;;;
RR 7 BLU;;;;;;
1605;019;019  7;;;;
0011;001;001  1;;;;
1889;004;004  8;;;;
1896;004;004  8;;;;
1902;004;004  8;;;;
1919;004;004  8;;;;
1926;004;004  8;;;;
1865;003;003  2;;;;
C20 ESP;013;013  2;;;;
2022;006;006  3;;;;
2039;006;006  3;;;;
1612;004;004  6;;;;
3714;004;004  5;;;;
0097;001;001  10;;;;
0080;001;001  10;;;;
0028;001;001  1;;;;
0035;001;001  1;;;;
0042;001;001  1;;;;
0059;001;001  1;;;;
0066;001;001  1;;;;
0073;001;001  1;;;;
1629;004;004  6;;;;
1636;004;004  6;;;;
1643;004;004  6;;;;
1650;004;004  6;;;;
1667;004;004  6;;;;
1674;004;004  6;;;;
1681;004;004  6;;;;
1698;004;004  6;;;;
1704;004;004  6;;;;
1711;004;004  6;;;;
1728;004;004  6;;;;
1735;004;004  6;;;;
70141;003;003  1;;;;
70158;003;003  1;;;;
70165;003;003  1;;;;
70172;003;003  1;;;;
70189;003;003  1;;;;
70196;003;003  1;;;;
70202;003;003  1;;;;
70219;003;003  1;;;;
70226;003;003  1;;;;
70264;003;003  1;;;;
70295;003;003  1;;;;
70301;003;003  1;;;;
70318;003;003  1;;;;
70325;003;003  1;;;;
70349;003;003  1;;;;
70356;003;003  1;;;;
70332;003;003  1;;;;
45115;;;;;;
45116;;;;;;
1872;003;003  2;;;;
70653;003;003  1;;;;
70660;003;003  1;;;;
70677;003;003  1;;;;
70684;003;003  1;;;;
70691;003;003  1;;;;
70707;003;003  1;;;;
70714;003;003  1;;;;
70721;003;003  1;;;;
70738;003;003  1;;;;
70745;003;003  1;;;;
70752;003;003  1;;;;
70769;003;003  1;;;;
70776;003;003  1;;;;
70370;003;003  1;;;;
70363;003;003  1;;;;
70394;003;003  1;;;;
70431;003;003  1;;;;
70448;003;003  1;;;;
70455;003;003  1;;;;
70462;003;003  1;;;;
70486;003;003  1;;;;
70493;003;003  1;;;;
70509;003;003  1;;;;
70516;003;003  1;;;;
045S;003;003  3;;;;
72091;017;017  14;;;;
70523;003;003  1;;;;
70530;003;003  1;;;;
70547;003;003  1;;;;
70554;003;003  1;;;;
70561;003;003  1;;;;
70578;003;003  1;;;;
70585;003;003  1;;;;
70592;003;003  1;;;;
70608;003;003  1;;;;
70615;003;003  1;;;;
70622;003;003  1;;;;
70639;003;003  1;;;;
70646;003;003  1;;;;
70783;003;003  1;;;;
70790;003;003  1;;;;
70806;003;003  1;;;;
70813;003;003  1;;;;
70820;003;003  1;;;;
70837;003;003  1;;;;
70844;003;003  1;;;;
70851;003;003  1;;;;
70868;003;003  1;;;;
70875;003;003  1;;;;
70882;003;003  1;;;;
70899;003;003  1;;;;
70905;003;003  1;;;;
70271;003;003  1;;;;
70288;003;003  1;;;;
70387;003;003  1;;;;
70400;003;003  1;;;;
70417;003;003  1;;;;
70424;003;003  1;;;;
70479;003;003  1;;;;
70912;003;003  1;;;;
70929;003;003  1;;;;
70936;003;003  1;;;;
70943;003;003  1;;;;
70950;003;003  1;;;;
70967;003;003  1;;;;
70134;003;003  1;;;;
70240;003;003  1;;;;
70257;003;003  1;;;;
70974;003;003  1;;;;
70981;003;003  1;;;;
70998;003;003  1;;;;
71001;003;003  1;;;;
71018;003;003  1;;;;
71025;003;003  1;;;;
71032;003;003  1;;;;
71049;003;003  1;;;;
71056;003;003  1;;;;
71063;003;003  1;;;;
71070;003;003  1;;;;
71087;003;003  1;;;;
71094;003;003  1;;;;
71100;003;003  1;;;;
71117;003;003  1;;;;
71124;003;003  1;;;;
70233;003;003  1;;;;
72107;017;017  14;;;;
72060;017;017  14;;;;
72077;017;017  14;;;;
72084;017;017  14;;;;
72114;017;017  14;;;;
72121;017;017  14;;;;
4330;017;017  15;;;;
4347;017;017  15;;;;
4354;017;017  15;;;;
4361;017;017  15;;;;
4378;017;017  15;;;;
4385;017;017  15;;;;
4392;017;017  15;;;;
4408;017;017  15;;;;
4415;017;017  15;;;;
4422;017;017  15;;;;
4439;017;017  15;;;;
4446;017;017  15;;;;
4453;017;017  15;;;;
72138;017;017  14;;;;
72145;017;017  14;;;;
72152;017;017  14;;;;
72169;017;017  14;;;;
72176;017;017  14;;;;
72183;017;017  14;;;;
72190;017;017  14;;;;
72206;017;017  14;;;;
72213;017;017  14;;;;
72220;017;017  14;;;;
72237;017;017  14;;;;
72244;017;017  14;;;;
72251;017;017  14;;;;
72268;017;017  14;;;;
72275;017;017  14;;;;
72282;017;017  14;;;;
72299;017;017  14;;;;
216A;003;003  3;;;;
72312;017;017  14;;;;
72329;017;017  14;;;;
72336;017;017  14;;;;
72343;017;017  14;;;;
72350;017;017  14;;;;
72367;017;017  14;;;;
72374;017;017  14;;;;
72381;017;017  14;;;;
72398;017;017  14;;;;
72435;017;017  14;;;;
72428;017;017  14;;;;
72411;017;017  14;;;;
72404;017;017  14;;;;
72442;017;017  14;;;;
72480;017;017  14;;;;
72473;017;017  14;;;;
72466;017;017  14;;;;
72359;017;017  14;;;;
72497;017;017  14;;;;
72503;017;017  14;;;;
72510;017;017  14;;;;
3173;017;017  8;;;;
3180;017;017  8;;;;
3197;017;017  8;;;;
3203;017;017  8;;;;
3210;017;017  8;;;;
9327;017;017  4;;;;
9334;017;017  4;;;;
3227;017;017  4;;;;
3234;017;017  8;;;;
3241;017;017  3;;;;
3258;017;017  3;;;;
3265;017;017  3;;;;
3289;017;017  3;;;;
3296;017;017  3;;;;
3302;017;017  3;;;;
3326;017;017  3;;;;
3333;017;017  3;;;;
3340;017;017  3;;;;
3364;017;017  3;;;;
3371;017;017  3;;;;
3388;017;017  3;;;;
3401;017;017  3;;;;
3418;017;017  3;;;;
3425;017;017  3;;;;
3449;017;017  3;;;;
3456;017;017  3;;;;
3463;017;017  3;;;;
3487;017;017  3;;;;
3494;017;017  3;;;;
3500;017;017  3;;;;
3524;017;017  3;;;;
3531;017;017  3;;;;
3548;017;017  3;;;;
3555;017;017  3;;;;
3562;017;017  3;;;;
3579;017;017  3;;;;
3586;017;017  3;;;;
3593;017;017  3;;;;
3609;017;017  3;;;;
3616;017;017  3;;;;
3623;017;017  3;;;;
3630;017;017  3;;;;
72961;017;017  14;;;;
72978;017;017  14;;;;
72985;017;017  14;;;;
72992;017;017  14;;;;
73005;017;017  14;;;;
73012;017;017  14;;;;
73029;017;017  14;;;;
73036;017;017  14;;;;
73043;017;017  14;;;;
73050;017;017  14;;;;
75306;017;017  14;;;;
75313;017;017  14;;;;
75320;017;017  14;;;;
75337;017;017  14;;;;
3647;017;017  15;;;;
3654;017;017  15;;;;
3661;017;017  15;;;;
3678;017;017  15;;;;
3685;017;017  15;;;;
3692;017;017  15;;;;
3708;017;017  15;;;;
3715;017;017  15;;;;
3722;017;017  15;;;;
3739;017;017  15;;;;
3746;017;017  15;;;;
3753;017;017  15;;;;
3760;017;017  15;;;;
3777;017;017  15;;;;
3784;017;017  15;;;;
3791;017;017  15;;;;
3807;017;017  15;;;;
3814;017;017  15;;;;
3821;017;017  15;;;;
3838;017;017  15;;;;
3845;017;017  15;;;;
3852;017;017  15;;;;
4460;017;017  15;;;;
4477;017;017  15;;;;
4484;017;017  15;;;;
4491;017;017  15;;;;
4507;017;017  15;;;;
4514;017;017  15;;;;
4521;017;017  15;;;;
4538;017;017  15;;;;
4545;017;017  15;;;;
4552;017;017  15;;;;
4569;017;017  15;;;;
4576;017;017  15;;;;
4583;017;017  15;;;;
4606;017;017  15;;;;
4613;017;017  15;;;;
4620;017;017  15;;;;
4637;017;017  15;;;;
4644;017;017  15;;;;
4651;017;017  15;;;;
4668;017;017  15;;;;
4675;017;017  15;;;;
4682;017;017  15;;;;
4699;017;017  15;;;;
4705;017;017  15;;;;
4712;017;017  15;;;;
4729;017;017  15;;;;
5443;017;017  4;;;;
5450;017;017  4;;;;
75276;017;017  14;;;;
2664;017;017  15;;;;
2671;017;017  15;;;;
2688;017;017  15;;;;
4934;017;017  15;;;;
4941;017;017  15;;;;
4958;017;017  15;;;;
4965;017;017  15;;;;
4972;017;017  15;;;;
4989;017;017  15;;;;
4996;017;017  15;;;;
5009;017;017  15;;;;
5016;017;017  15;;;;
5023;017;017  15;;;;
2626;017;017  15;;;;
2633;017;017  15;;;;
2640;017;017  15;;;;
2770;017;017  15;;;;
5498;017;017  15;;;;
5504;017;017  15;;;;
5511;017;017  15;;;;
5528;017;017  15;;;;
2527;017;017  15;;;;
2534;017;017  15;;;;
3869;017;017  15;;;;
3876;017;017  15;;;;
3883;017;017  15;;;;
3890;017;017  15;;;;
3906;017;017  15;;;;
3913;017;017  15;;;;
4262;017;017  15;;;;
4279;017;017  15;;;;
4286;017;017  15;;;;
4293;017;017  15;;;;
4309;017;017  15;;;;
4316;017;017  15;;;;
4323;017;017  15;;;;
4736;017;017  15;;;;
4743;017;017  15;;;;
4750;017;017  15;;;;
4767;017;017  15;;;;
4774;017;017  15;;;;
4781;017;017  15;;;;
4798;017;017  15;;;;
4804;017;017  15;;;;
4811;017;017  15;;;;
4828;017;017  15;;;;
4835;017;017  15;;;;
4842;017;017  15;;;;
4859;017;017  15;;;;
2541;017;017  15;;;;
2558;017;017  15;;;;
2565;017;017  15;;;;
2572;017;017  15;;;;
2589;017;017  15;;;;
2596;017;017  15;;;;
2602;017;017  15;;;;
2619;017;017  15;;;;
4897;017;017  15;;;;
4903;017;017  15;;;;
4910;017;017  15;;;;
4927;017;017  15;;;;
5030;017;017  15;;;;
4866;017;017  15;;;;
4873;017;017  15;;;;
4880;017;017  15;;;;
4590;017;017  15;;;;
5368;017;017  16;;;;
5375;016;016  1;;;;
5382;017;017  4;;;;
5399;017;017  4;;;;
5412;017;017  4;;;;
5429;017;017  4;;;;
5436;017;017  4;;;;
5047;017;017  15;;;;
5054;017;017  15;;;;
5061;017;017  15;;;;
5078;017;017  15;;;;
5085;017;017  15;;;;
5092;017;017  15;;;;
5108;017;017  15;;;;
5115;017;017  15;;;;
5122;017;017  15;;;;
3920;017;017  15;;;;
3937;017;017  15;;;;
3944;017;017  15;;;;
3951;017;017  15;;;;
2800;017;017  15;;;;
2817;017;017  15;;;;
75344;017;017  14;;;;
75351;017;017  14;;;;
2695;017;017  16;;;;
2701;017;017  16;;;;
2718;017;017  16;;;;
2725;017;017  16;;;;
2732;017;017  16;;;;
2756;017;017  16;;;;
2763;017;017  16;;;;
2824;004;004  10;;;;
2831;004;004  10;;;;
2848;004;004  10;;;;
2855;004;004  10;;;;
2862;004;004  10;;;;
2879;004;004  10;;;;
2886;004;004  10;;;;
2893;004;004  10;;;;
2909;004;004  10;;;;
2916;004;004  10;;;;
5535;017;017  4;;;;
5849;017;017  16;;;;
5856;017;017  16;;;;
73517;017;017  14;;;;
75139;017;017  14;;;;
75146;017;017  14;;;;
75153;017;017  14;;;;
75191;017;017  14;;;;
75184;017;017  14;;;;
75177;017;017  14;;;;
75160;017;017  14;;;;
75948;017;017  14;;;;
75955;017;017  14;;;;
75962;017;017  14;;;;
5603;016;016  1;;;;
5610;016;016  1;;;;
5627;016;016  1;;;;
5634;016;016  1;;;;
5641;016;016  1;;;;
5658;016;016  1;;;;
5665;016;016  1;;;;
5672;016;016  1;;;;
5689;016;016  1;;;;
5696;016;016  1;;;;
5702;016;016  1;;;;
5719;016;016  1;;;;
5726;016;016  1;;;;
5733;016;016  1;;;;
5740;016;016  1;;;;
5757;016;016  1;;;;
5764;016;016  1;;;;
5771;016;016  1;;;;
5788;016;016  1;;;;
5795;016;016  1;;;;
5801;016;016  1;;;;
5818;016;016  1;;;;
5825;016;016  1;;;;
5832;016;016  1;;;;
5863;016;016  1;;;;
5870;016;016  1;;;;
5887;016;016  1;;;;
5894;016;016  1;;;;
5900;016;016  1;;;;
5917;016;016  1;;;;
3968;017;017  15;;;;
3975;017;017  15;;;;
3982;017;017  15;;;;
3999;017;017  15;;;;
4002;017;017  15;;;;
4019;017;017  15;;;;
4026;017;017  15;;;;
4033;017;017  15;;;;
4040;017;017  15;;;;
4057;017;017  15;;;;
4064;017;017  15;;;;
4071;017;017  15;;;;
4088;017;017  15;;;;
5979;016;016  1;;;;
5986;016;016  1;;;;
5993;016;016  1;;;;
6006;016;016  1;;;;
6013;016;016  1;;;;
6037;016;016  1;;;;
6020;017;017  4;;;;
76143;016;016  1;;;;
76150;016;016  1;;;;
6044;017;017  8;;;;
6051;017;017  8;;;;
6068;017;017  8;;;;
6075;017;017  8;;;;
6082;017;017  8;;;;
6167;017;017  8;;;;
5924;016;016  1;;;;
5931;016;016  1;;;;
6099;016;016  1;;;;
6105;016;016  1;;;;
6112;016;016  1;;;;
6129;016;016  1;;;;
6136;016;016  1;;;;
2947;017;017  14;;;;
45138;;;;;;
45136;;;;;;
45137;;;;;;
2930;017;017  14;;;;
2954;016;016  1;;;;
6266;016;016  1;;;;
6204;016;016  1;;;;
6211;016;016  1;;;;
6228;016;016  1;;;;
6235;016;016  1;;;;
6259;016;016  1;;;;
6280;017;017  1;;;;
6297;017;017  1;;;;
6303;017;017  1;;;;
6273;017;017  4;;;;
6310;017;017  4;;;;
6440;017;017  15;;;;
6457;017;017  15;;;;
6488;017;017  4;;;;
45139;;;;;;
45135;;;;;;
6464;019;019  1;;;;
6471;019;019  2;;;;
6495;016;016  1;;;;
6501;019;019  5;;;;
RR 7 fuchsia;;;;;;
45144;;;;;;
45140;;;;;;
45143;;;;;;
6518;017;017  3;;;;
6525;017;017  3;;;;
6532;017;017  3;;;;
45129;;;;;;
45128;;;;;;
45127;;;;;;
45122;;;;;;
45124;;;;;;
45120;;;;;;
45125;;;;;;
45130;;;;;;
45132;;;;;;
45123;;;;;;
45134;;;;;;
45131;;;;;;
45126;;;;;;
45121;;;;;;
6549;017;017  15;;;;
6556;017;017  15;;;;
6563;017;017  15;;;;
6570;017;017  15;;;;
45142;;;;;;
45141;;;;;;
45145;;;;;;
45133;;;;;;
45146;;;;;;
2923;;;;;;
6587;004;004  10;;;;
6594;004;004  10;;;;
6600;004;004  10;;;;
4095;017;017  15;;;;
4101;017;017  15;;;;
4118;017;017  15;;;;
4125;017;017  15;;;;
4132;017;017  15;;;;
4149;017;017  15;;;;
4156;017;017  15;;;;
4163;017;017  15;;;;
4170;017;017  15;;;;
4187;017;017  15;;;;
4194;017;017  15;;;;
4200;017;017  15;;;;
4217;017;017  15;;;;
216S;;;;;;
6327;017;017  4;;;;
6334;016;016  1;;;;
6341;017;017  7;;;;
6358;017;017  7;;;;
6365;017;017  7;;;;
6372;017;017  7;;;;
6402;017;017  15;;;;
6419;017;017  15;;;;
6426;017;017  15;;;;
6433;017;017  15;;;;
6617;004;004  10;;;;
6624;004;004  10;;;;
6631;004;004  10;;;;
6648;004;004  10;;;;
6655;004;004  10;;;;
6662;004;004  10;;;;
6679;004;004  5;;;;
6686;004;004  5;;;;
17669;;;;;;
17670;;;;;;
17671;;;;;;
17672;;;;;;
17673;;;;;;
17674;;;;;;
17675;;;;;;
17676;;;;;;
17677;;;;;;
17678;;;;;;
17679;;;;;;
17680;;;;;;
17681;;;;;;
17682;;;;;;
17683;;;;;;
17684;;;;;;
17685;;;;;;
17686;;;;;;
17687;;;;;;
17688;;;;;;
17689;;;;;;
17690;;;;;;
17691;;;;;;
17692;;;;;;
17693;;;;;;
17694;;;;;;
4224;017;017  15;;;;
4231;017;017  15;;;;
4248;017;017  15;;;;
4255;017;017  15;;;;
2749;017;017  4;;;;
5542;017;017  4;;;;
5559;017;017  4;;;;
5566;017;017  4;;;;
5573;017;017  4;;;;
5580;017;017  4;;;;
5597;017;017  4;;;;
2787;017;017  15;;;;
2794;017;017  15;;;;
