cliente;num documento;data documento;scadenza pagamento;attiva;valuta;codice pagamento;note;importo;ultima modifica
732;1082;22/06/2011;22/06/2011;NO;EUR;RIM; - RESIDUO ;20.00;20/03/2018
2051;977;18/06/2012;30/09/2012;SI;EUR;BO9; - RESIDUO ;1759.04;20/03/2018
2341;1870;15/11/2012;28/02/2013;SI;EUR;RB6; - RESIDUO ;148.66;20/03/2018
2170;1419;16/09/2013;31/12/2013;SI;EUR;BO9; - RESIDUO ;50.05;20/03/2018
10004;1314;08/09/2014;08/09/2014;SI;EUR;CT3; - RESIDUO ;50.00;20/03/2018
1866;480;03/04/2012;03/04/2012;SI;EUR;RIM; - RESIDUO ;279.98;20/03/2018
1560;575;08/04/2015;31/07/2015;SI;EUR;RD9; - RESIDUO ;539.47;20/03/2018
2632;1742;20/11/2014;30/10/2015;SI;EUR;RD9; - RESIDUO ;375.44;20/03/2018
2837;1269;23/06/2016;30/09/2016;SI;EUR;R9D; - RESIDUO ;18.30;20/03/2018
2262;437;09/03/2016;09/03/2016;SI;EUR;CT3; - RESIDUO ;3005.17;20/03/2018
2908;991;09/06/2015;31/10/2015;SI;EUR;R12; - RESIDUO ;702.33;20/03/2018
1644;2511;05/12/2016;30/04/2017;SI;EUR;B12; - RESIDUO ;168.49;20/03/2018
3025;2068;28/10/2015;20/01/2016;SI;EUR;RIM; - RESIDUO ;312.08;20/03/2018
1644;640;09/03/2017;31/07/2017;SI;EUR;B12; - RESIDUO ;5.88;20/03/2018
3393;315;04/02/2017;30/04/2017;SI;EUR;RB2; - RESIDUO ;1500.00;20/03/2018
3411;379;09/02/2017;10/05/2017;SI;EUR;CT3;Assegno incassato per 4234,80 - RESIDUO ;30.00;20/03/2018
2666;2066;21/09/2017;31/12/2017;SI;EUR;RB6; - RESIDUO ;14.79;20/03/2018
3346;138;12/01/2018;12/01/2018;SI;EUR;COT; - RESIDUO ;1100.00;20/03/2018
2863;277;24/01/2018;24/01/2018;SI;EUR;CON; - RESIDUO ;5.00;20/03/2018
2926;1138;25/06/2015;30/05/2016;SI;EUR;RD6; - RESIDUO ;4622.76;20/03/2018
3549;2865;19/12/2017;31/01/2018;SI;EUR;RD1; - RESIDUO ;4752.48;20/03/2018
3548;2556;13/11/2017;31/12/2017;SI;EUR;RD1; - RESIDUO ;75.20;20/03/2018
2754;2031;20/09/2017;31/10/2017;SI;EUR;RD1; - RESIDUO ;210.42;20/03/2018
1748;127;25/01/2011;02/04/2011;SI;EUR;INS;CT2 - INSOLUTA ;1517.00;20/03/2018
346;152;31/01/2011;30/09/2011;SI;EUR;INS;RB2 - INSOLUTA ;1398.54;20/03/2018
1668;155;31/01/2011;31/03/2011;SI;EUR;INS;RD6 - INSOLUTA ;907.76;20/03/2018
1637;677;21/04/2011;30/09/2011;NO;EUR;INS;CT2 - INSOLUTA ;1278.47;20/03/2018
1499;931;31/05/2011;30/09/2011;SI;EUR;INS;RB7 - INSOLUTA ;2003.39;20/03/2018
1107;1246;12/07/2011;10/11/2011;SI;EUR;INS;CT 3 - INSOLUTA ;1289.12;20/03/2018
1107;1294;19/07/2011;27/11/2011;SI;EUR;INS;CT 3 - INSOLUTA ;1621.57;20/03/2018
1499;1365;01/08/2011;31/12/2011;SI;EUR;INS;RB7 - INSOLUTA ;1938.72;20/03/2018
1416;1661;29/09/2011;30/04/2012;SI;EUR;INS;CT 3 - INSOLUTA ;2422.37;20/03/2018
171;2084;21/12/2011;31/05/2012;SI;EUR;INS;B12 - INSOLUTA ;1923.46;20/03/2018
171;249;16/02/2012;30/06/2012;SI;EUR;INS;B12 - INSOLUTA ;3769.02;20/03/2018
233;301;27/02/2012;31/05/2012;SI;EUR;INS;R9D - INSOLUTA ;413.82;20/03/2018
171;391;15/03/2012;31/07/2012;SI;EUR;INS;B12 - INSOLUTA ;792.88;20/03/2018
2116;524;12/04/2012;12/04/2012;SI;EUR;INS;RIM - INSOLUTA ;1033.68;20/03/2018
171;528;13/04/2012;31/08/2012;SI;EUR;INS;B12 - INSOLUTA ;846.62;20/03/2018
1973;687;11/05/2012;15/10/2012;SI;EUR;INS;RD9 - INSOLUTA ;4749.49;20/03/2018
171;733;17/05/2012;30/09/2012;SI;EUR;INS;B12 - INSOLUTA ;498.63;20/03/2018
1973;115;25/07/2012;15/10/2012;SI;EUR;INS;RD9 - INSOLUTA ;-80.84;20/03/2018
2316;1683;10/10/2012;30/12/2012;SI;EUR;INS;CT3 - INSOLUTA ;4423.69;20/03/2018
2315;1682;10/10/2012;31/07/2013;SI;EUR;INS;RB6 - INSOLUTA ;1702.91;20/03/2018
2339;1824;08/11/2012;31/01/2013;SI;EUR;INS;RB2 - INSOLUTA ;1916.31;20/03/2018
233;70;27/01/2012;30/04/2012;SI;EUR;INS;R9D - INSOLUTA ;3866.39;20/03/2018
2251;1353;04/09/2013;31/12/2013;SI;EUR;INS;CT3 - INSOLUTA ;2835.01;20/03/2018
2554;1689;21/10/2013;21/10/2013;SI;EUR;INS;CON - INSOLUTA ;1914.25;20/03/2018
2251;1830;20/11/2013;28/02/2014;SI;EUR;INS; - INSOLUTA ;8800.08;20/03/2018
177;207;10/02/2014;30/06/2014;SI;EUR;INS; - INSOLUTA ;429.44;20/03/2018
177;463;03/04/2014;31/08/2014;SI;EUR;INS; - INSOLUTA ;525.21;20/03/2018
559;899;19/06/2014;30/09/2014;SI;EUR;INS; - INSOLUTA ;1381.96;20/03/2018
559;1099;16/07/2014;31/10/2014;SI;EUR;INS; - INSOLUTA ;870.25;20/03/2018
559;1209;04/08/2014;30/11/2014;SI;EUR;INS; - INSOLUTA ;741.86;20/03/2018
559;1253;27/08/2014;30/11/2014;SI;EUR;INS; - INSOLUTA ;535.31;20/03/2018
2798;175;05/02/2015;05/02/2015;SI;EUR;INS; - INSOLUTA ;2139.42;20/03/2018
2848;391;04/03/2015;30/09/2015;SI;EUR;INS;Protestato - INSOLUTA ;1212.31;20/03/2018
1836;56;05/05/2015;20/10/2015;SI;EUR;RD9; - INSOLUTA ;-11.77;20/03/2018
10154;1089;19/06/2015;24/08/2015;SI;EUR;INS; - INSOLUTA ;629.40;20/03/2018
1836;1193;02/07/2015;20/10/2015;SI;EUR;CT3; - INSOLUTA ;819.89;20/03/2018
3016;1845;01/10/2015;31/12/2015;SI;EUR;INS; - INSOLUTA ;3535.96;20/03/2018
3248;1116;17/05/2017;30/08/2017;SI;EUR;CT1;Pagato - INSOLUTA ;1168.78;20/03/2018
1637;354;24/02/2011;31/07/2011;NO;EUR;INS;CT2 - INSOLUTA ;471.05;20/03/2018
1211;512;21/03/2011;30/06/2011;SI;EUR;RD9; - SCADUTA ;149.09;20/03/2018
161;49;21/06/2011;21/06/2011;SI;EUR;RIM; - SCADUTA ;-20.87;20/03/2018
1062;1433;23/08/2011;23/08/2011;SI;EUR;COT; - SCADUTA ;81.05;20/03/2018
1943;1438;25/08/2011;25/08/2011;SI;EUR;BON; - SCADUTA ;179.90;20/03/2018
2051;331;06/03/2012;30/06/2012;SI;EUR;BO9; - SCADUTA ;105.00;20/03/2018
1866;492;05/04/2012;30/06/2012;SI;EUR;RD6; - SCADUTA ;58.69;20/03/2018
1866;525;12/04/2012;31/05/2012;SI;EUR;RD1; - SCADUTA ;62.19;20/03/2018
1866;880;08/06/2012;31/08/2012;SI;EUR;RD6; - SCADUTA ;108.90;20/03/2018
2060;1005;22/06/2012;22/06/2012;SI;EUR;BON; - SCADUTA ;63.00;20/03/2018
1461;85;27/06/2012;31/07/2012;SI;EUR;RD1; - SCADUTA ;-19.07;20/03/2018
2051;104;17/07/2012;31/10/2012;SI;EUR;RD9; - SCADUTA ;-1170.00;20/03/2018
1655;112;25/07/2012;31/10/2012;SI;EUR;RD9; - SCADUTA ;-36.66;20/03/2018
2118;114;25/07/2012;30/09/2012;SI;EUR;RD6; - SCADUTA ;-58.66;20/03/2018
1786;153;10/10/2012;31/01/2013;SI;EUR;RD9; - SCADUTA ;-6.74;20/03/2018
2331;25;08/04/2013;31/08/2013;SI;EUR;R12; - SCADUTA ;-342.30;20/03/2018
2328;675;03/05/2013;03/05/2013;SI;EUR;BON; - SCADUTA ;172.85;20/03/2018
1380;106;29/11/2013;31/01/2014;SI;EUR;RD6; - SCADUTA ;-627.84;20/03/2018
2571;1881;02/12/2013;31/03/2014;SI;EUR;RD9; - SCADUTA ;22.34;20/03/2018
1867;1977;17/12/2013;28/02/2014;SI;EUR;RD6; - SCADUTA ;2858.39;20/03/2018
30;113;23/12/2013;28/02/2014;SI;EUR;RD6; - SCADUTA ;-14.79;20/03/2018
1594;1076;14/07/2014;31/10/2014;SI;EUR;R9D; - SCADUTA ;110.91;20/03/2018
10092;79;15/09/2014;30/11/2014;SI;EUR;RD6; - SCADUTA ;-30.24;20/03/2018
2514;90;04/10/2014;31/12/2014;SI;EUR;RD6; - SCADUTA ;-10.35;20/03/2018
1078;95;30/10/2014;30/11/2014;SI;EUR;RD1; - SCADUTA ;-21.78;20/03/2018
147;1744;21/11/2014;28/02/2015;SI;EUR;RD9; - SCADUTA ;1317.27;20/03/2018
10052;115;17/12/2014;31/03/2015;SI;EUR;RD9; - SCADUTA ;-313.15;20/03/2018
2632;1879;20/12/2014;30/10/2015;SI;EUR;RD9; - SCADUTA ;2570.45;20/03/2018
2224;322;20/02/2015;31/05/2015;SI;EUR;RD9; - SCADUTA ;1441.14;20/03/2018
1560;576;08/04/2015;31/07/2015;SI;EUR;R9D; - SCADUTA ;433.64;20/03/2018
2224;695;27/04/2015;31/07/2015;SI;EUR;RD9; - SCADUTA ;310.62;20/03/2018
1560;926;29/05/2015;31/08/2015;SI;EUR;R9D; - SCADUTA ;525.87;20/03/2018
2618;80;27/06/2015;30/09/2015;SI;EUR;RD9; - SCADUTA ;-44.36;20/03/2018
2929;1375;23/07/2015;30/11/2015;SI;EUR;RB7; - SCADUTA ;34.77;20/03/2018
2926;1386;25/07/2015;30/09/2015;SI;EUR;RD6; - SCADUTA ;1699.80;20/03/2018
2926;1498;24/08/2015;30/05/2016;SI;EUR;RD6; - SCADUTA ;159.69;20/03/2018
2926;1574;01/09/2015;30/11/2015;SI;EUR;RD6; - SCADUTA ;8.02;20/03/2018
2963;1596;02/09/2015;31/10/2015;SI;EUR;RD1; - SCADUTA ;80.00;20/03/2018
1594;1670;10/09/2015;31/12/2015;SI;EUR;R9D; - SCADUTA ;70.98;20/03/2018
2962;114;15/09/2015;31/10/2015;SI;EUR;RD1; - SCADUTA ;-21.83;20/03/2018
2514;151;19/11/2015;31/12/2015;SI;EUR;RD1; - SCADUTA ;-84.89;20/03/2018
2933;154;19/11/2015;31/12/2015;SI;EUR;RD1; - SCADUTA ;-55.45;20/03/2018
10016;2379;10/12/2015;10/12/2015;SI;EUR;RIM; - SCADUTA ;149.11;20/03/2018
2926;2415;16/12/2015;29/02/2016;SI;EUR;RD6; - SCADUTA ;1260.99;20/03/2018
3200;1130;13/06/2016;30/09/2016;SI;EUR;R9D; - SCADUTA ;360.00;20/03/2018
969;150;23/11/2016;23/11/2016;SI;EUR;RIM; - SCADUTA ;-96.33;20/03/2018
2317;8;06/02/2017;06/02/2017;SI;EUR;RIM; - SCADUTA ;-10.99;20/03/2018
2222;332;06/02/2017;06/02/2017;SI;EUR;RIM; - SCADUTA ;1429.10;20/03/2018
1379;334;07/02/2017;31/05/2017;SI;EUR;R9D; - SCADUTA ;2980.11;20/03/2018
2222;14;08/02/2017;08/02/2017;SI;EUR;RIM; - SCADUTA ;-2400.02;20/03/2018
2692;15;08/02/2017;31/05/2017;SI;EUR;RD9; - SCADUTA ;-92.32;20/03/2018
2692;354;08/02/2017;31/05/2017;SI;EUR;BO9; - SCADUTA ;88.73;20/03/2018
2981;17;10/02/2017;31/05/2017;SI;EUR;RD9; - SCADUTA ;-75.53;20/03/2018
3409;27;22/02/2017;22/02/2017;SI;EUR;RIM; - SCADUTA ;-4.34;20/03/2018
3429;542;24/02/2017;30/04/2017;SI;EUR;B10; - SCADUTA ;14845.93;20/03/2018
3429;542;24/02/2017;31/05/2017;SI;EUR;B10; - SCADUTA ;14845.94;20/03/2018
3429;542;24/02/2017;30/06/2017;SI;EUR;B10; - SCADUTA ;14845.94;20/03/2018
2234;35;11/03/2017;30/06/2017;SI;EUR;RD9; - SCADUTA ;-66.55;20/03/2018
2222;699;16/03/2017;30/04/2017;SI;EUR;RD1; - SCADUTA ;936.78;20/03/2018
2144;41;16/03/2017;30/06/2017;SI;EUR;RD9; - SCADUTA ;-3.70;20/03/2018
2587;712;20/03/2017;20/03/2017;SI;EUR;RIM; - SCADUTA ;288.44;20/03/2018
3384;47;24/03/2017;24/03/2017;SI;EUR;RIM; - SCADUTA ;-18.69;20/03/2018
3342;906;19/04/2017;30/06/2017;SI;EUR;RD6; - SCADUTA ;1441.99;20/03/2018
2807;958;28/04/2017;31/07/2017;SI;EUR;RB6; - SCADUTA ;88.73;20/03/2018
3486;1046;09/05/2017;09/05/2017;SI;EUR;RIM; - SCADUTA ;1456.01;20/03/2018
2463;1086;15/05/2017;31/07/2017;SI;EUR;RD6; - SCADUTA ;513.73;20/03/2018
3356;1316;12/06/2017;30/09/2017;SI;EUR;RD9; - SCADUTA ;414.67;20/03/2018
3490;1318;12/06/2017;12/06/2017;SI;EUR;CT3; - SCADUTA ;468.63;20/03/2018
2117;1381;17/06/2017;31/08/2017;SI;EUR;RD6; - SCADUTA ;88.72;20/03/2018
2014;89;15/07/2017;31/10/2017;SI;EUR;RD9; - SCADUTA ;-13.55;20/03/2018
731;1716;26/07/2017;30/09/2017;SI;EUR;RD6; - SCADUTA ;141.96;20/03/2018
3030;101;05/08/2017;30/09/2017;SI;EUR;RD1; - SCADUTA ;-60.19;20/03/2018
3075;102;22/08/2017;30/11/2017;SI;EUR;RD9; - SCADUTA ;-52.63;20/03/2018
3375;1859;01/09/2017;31/12/2017;SI;EUR;RD9; - SCADUTA ;5448.93;20/03/2018
3356;1896;06/09/2017;31/12/2017;SI;EUR;RD9; - SCADUTA ;1050.93;20/03/2018
1516;1903;06/09/2017;31/12/2017;SI;EUR;BO9; - SCADUTA ;1821.00;20/03/2018
2805;1931;08/09/2017;31/10/2017;SI;EUR;RD1; - SCADUTA ;15457.35;20/03/2018
2861;110;14/09/2017;31/12/2017;SI;EUR;RD9; - SCADUTA ;-56.19;20/03/2018
2652;1992;15/09/2017;31/12/2017;SI;EUR;RD9; - SCADUTA ;1974.29;20/03/2018
3496;1994;15/09/2017;31/01/2018;SI;EUR;RB7; - SCADUTA ;2739.11;20/03/2018
2898;2002;18/09/2017;31/12/2017;SI;EUR;RD9; - SCADUTA ;44.36;20/03/2018
2924;2051;20/09/2017;31/12/2017;SI;EUR;RD9; - SCADUTA ;135.27;20/03/2018
10004;2052;20/09/2017;31/12/2017;SI;EUR;RD9; - SCADUTA ;187.81;20/03/2018
2930;2063;21/09/2017;31/10/2017;SI;EUR;BO3; - SCADUTA ;179.22;20/03/2018
2394;2079;22/09/2017;31/12/2017;SI;EUR;RD9; - SCADUTA ;7159.74;20/03/2018
2924;114;26/09/2017;31/12/2017;SI;EUR;RD9; - SCADUTA ;-32.03;20/03/2018
2930;2112;26/09/2017;31/10/2017;SI;EUR;RD1; - SCADUTA ;348.91;20/03/2018
454;2151;28/09/2017;30/11/2017;SI;EUR;RD6; - SCADUTA ;2670.85;20/03/2018
3356;2202;03/10/2017;31/01/2018;SI;EUR;RD9; - SCADUTA ;388.39;20/03/2018
3012;121;07/10/2017;31/01/2018;SI;EUR;RD9; - SCADUTA ;-21.63;20/03/2018
2463;2248;09/10/2017;31/12/2017;SI;EUR;RD6; - SCADUTA ;473.71;20/03/2018
2733;2256;09/10/2017;31/12/2017;SI;EUR;RD6; - SCADUTA ;1928.25;20/03/2018
2355;2273;10/10/2017;30/11/2017;SI;EUR;RD1; - SCADUTA ;1059.79;20/03/2018
2806;2279;10/10/2017;28/02/2018;SI;EUR;B12; - SCADUTA ;1268.84;20/03/2018
3375;2267;10/10/2017;31/01/2018;SI;EUR;RD9; - SCADUTA ;1629.85;20/03/2018
2371;2290;11/10/2017;31/01/2018;SI;EUR;R9D; - SCADUTA ;2629.39;20/03/2018
2651;2303;12/10/2017;31/12/2017;SI;EUR;RD6; - SCADUTA ;1013.91;20/03/2018
3398;2333;17/10/2017;17/10/2017;SI;EUR;BNV; - SCADUTA ;29.57;20/03/2018
2885;2336;17/10/2017;31/01/2018;SI;EUR;BO9; - SCADUTA ;2247.95;20/03/2018
2890;2338;17/10/2017;31/01/2018;SI;EUR;BO9; - SCADUTA ;2887.12;20/03/2018
1489;2343;18/10/2017;31/12/2017;SI;EUR;RD6; - SCADUTA ;1626.09;20/03/2018
3566;2348;18/10/2017;18/10/2017;SI;EUR;CT1; - SCADUTA ;940.51;20/03/2018
730;2350;18/10/2017;31/01/2018;SI;EUR;RD9; - SCADUTA ;443.64;20/03/2018
2871;2359;19/10/2017;31/01/2018;SI;EUR;R9D; - SCADUTA ;1009.54;20/03/2018
3375;2364;19/10/2017;31/01/2018;SI;EUR;RD9; - SCADUTA ;7492.11;20/03/2018
2501;2406;24/10/2017;31/01/2018;SI;EUR;R9D; - SCADUTA ;3643.09;20/03/2018
2825;2426;26/10/2017;31/01/2018;SI;EUR;BO9; - SCADUTA ;2204.64;20/03/2018
3566;2431;27/10/2017;30/11/2017;SI;EUR;RD1; - SCADUTA ;576.73;20/03/2018
1458;2465;31/10/2017;28/02/2018;SI;EUR;RB7; - SCADUTA ;804.27;20/03/2018
2652;2471;02/11/2017;28/02/2018;SI;EUR;RD9; - SCADUTA ;701.93;20/03/2018
2789;2480;02/11/2017;28/02/2018;SI;EUR;RB6; - SCADUTA ;3219.36;20/03/2018
1458;135;03/11/2017;28/02/2018;SI;EUR;RD9; - SCADUTA ;-6.81;20/03/2018
3520;2493;03/11/2017;28/02/2018;SI;EUR;R9D; - SCADUTA ;626.56;20/03/2018
2692;2495;03/11/2017;28/02/2018;SI;EUR;BO9; - SCADUTA ;2933.64;20/03/2018
3288;2497;04/11/2017;31/01/2018;SI;EUR;RD6; - SCADUTA ;2682.95;20/03/2018
2167;2491;03/11/2017;28/02/2018;SI;EUR;BO9; - SCADUTA ;3274.41;20/03/2018
2881;2538;08/11/2017;31/12/2017;SI;EUR;RD6; - SCADUTA ;1046.13;20/03/2018
10024;2541;09/11/2017;31/01/2018;SI;EUR;RD6; - SCADUTA ;1222.85;20/03/2018
3075;2527;08/11/2017;31/01/2018;SI;EUR;RD6; - SCADUTA ;76.59;20/03/2018
454;2535;08/11/2017;31/01/2018;SI;EUR;RD6; - SCADUTA ;1662.57;20/03/2018
3590;2554;10/11/2017;28/02/2018;SI;EUR;BO9; - SCADUTA ;7666.36;20/03/2018
2603;2557;13/11/2017;31/12/2017;SI;EUR;RD1; - SCADUTA ;140.62;20/03/2018
1916;2583;15/11/2017;31/01/2018;SI;EUR;RD6; - SCADUTA ;1000.05;20/03/2018
2911;146;15/11/2017;31/01/2018;SI;EUR;RD6; - SCADUTA ;-31.81;20/03/2018
2394;2587;16/11/2017;28/02/2018;SI;EUR;RD9; - SCADUTA ;13628.99;20/03/2018
10024;2600;20/11/2017;31/01/2018;SI;EUR;RD6; - SCADUTA ;341.55;20/03/2018
2568;2603;20/11/2017;28/02/2018;SI;EUR;RD9; - SCADUTA ;539.56;20/03/2018
49;2616;21/11/2017;21/11/2017;SI;EUR;RIM; - SCADUTA ;183.94;20/03/2018
3581;151;21/11/2017;28/02/2018;SI;EUR;RD9; - SCADUTA ;-17.21;20/03/2018
10120;2625;22/11/2017;28/02/2018;SI;EUR;RD9; - SCADUTA ;3310.12;20/03/2018
3451;2627;22/11/2017;28/02/2018;SI;EUR;RD9; - SCADUTA ;6370.88;20/03/2018
3597;2630;22/11/2017;28/02/2018;SI;EUR;RD9; - SCADUTA ;4268.37;20/03/2018
2898;2634;23/11/2017;28/02/2018;SI;EUR;R9D; - SCADUTA ;4126.89;20/03/2018
10059;2635;23/11/2017;28/02/2018;SI;EUR;R9D; - SCADUTA ;2315.68;20/03/2018
2652;2637;23/11/2017;28/02/2018;SI;EUR;RD9; - SCADUTA ;14150.76;20/03/2018
3177;153;24/11/2017;24/11/2017;SI;EUR;RIM; - SCADUTA ;-175.64;20/03/2018
3079;2644;25/11/2017;28/02/2018;SI;EUR;RD9; - SCADUTA ;3376.84;20/03/2018
2763;2645;27/11/2017;28/02/2018;SI;EUR;RB6; - SCADUTA ;646.84;20/03/2018
3342;2667;01/12/2017;28/02/2018;SI;EUR;RD6; - SCADUTA ;915.18;20/03/2018
3231;2670;01/12/2017;01/12/2017;SI;EUR;RIM; - SCADUTA ;400.50;20/03/2018
898;2689;04/12/2017;04/12/2017;SI;EUR;RIM; - SCADUTA ;337.17;20/03/2018
1112;2688;04/12/2017;28/02/2018;SI;EUR;RD6; - SCADUTA ;452.44;20/03/2018
2629;2697;05/12/2017;05/12/2017;SI;EUR;R9D; - SCADUTA ;3167.78;20/03/2018
1489;2711;06/12/2017;28/02/2018;SI;EUR;RD6; - SCADUTA ;2124.48;20/03/2018
2886;2725;07/12/2017;07/12/2017;SI;EUR;CON; - SCADUTA ;55.00;20/03/2018
3601;2756;11/12/2017;11/12/2017;SI;EUR;COT; - SCADUTA ;52.75;20/03/2018
3398;161;12/12/2017;12/12/2017;SI;EUR;RIM; - SCADUTA ;-44.36;20/03/2018
3342;2782;13/12/2017;28/02/2018;SI;EUR;RD6; - SCADUTA ;4397.49;20/03/2018
2733;2804;13/12/2017;13/12/2017;SI;EUR;CT3; - SCADUTA ;3249.15;20/03/2018
3010;2821;15/12/2017;31/01/2018;SI;EUR;RD1; - SCADUTA ;1505.10;20/03/2018
2754;2838;18/12/2017;31/01/2018;SI;EUR;RD1; - SCADUTA ;184.26;20/03/2018
10120;2860;19/12/2017;19/12/2017;SI;EUR;CT3; - SCADUTA ;2391.69;20/03/2018
2881;2867;19/12/2017;31/01/2018;SI;EUR;RD1; - SCADUTA ;1222.26;20/03/2018
898;2869;19/12/2017;31/01/2018;SI;EUR;RD1; - SCADUTA ;896.86;20/03/2018
2651;2875;20/12/2017;28/02/2018;SI;EUR;RD6; - SCADUTA ;570.18;20/03/2018
3324;2885;21/12/2017;31/01/2018;SI;EUR;RD1; - SCADUTA ;1131.68;20/03/2018
3231;2893;22/12/2017;22/12/2017;SI;EUR;RIM; - SCADUTA ;580.62;20/03/2018
3319;2897;22/12/2017;22/12/2017;SI;EUR;R9D; - SCADUTA ;903.00;20/03/2018
10024;173;22/12/2017;28/02/2018;SI;EUR;RD6; - SCADUTA ;-952.49;20/03/2018
3324;2902;27/12/2017;31/01/2018;SI;EUR;RD1; - SCADUTA ;9919.48;20/03/2018
2926;2916;28/12/2017;28/02/2018;SI;EUR;RIM; - SCADUTA ;1708.54;20/03/2018
3605;2926;28/12/2017;28/12/2017;SI;EUR;CT3; - SCADUTA ;3185.38;20/03/2018
3175;6;02/01/2018;02/01/2018;SI;EUR;CT2; - SCADUTA ;395.90;20/03/2018
3596;7;02/01/2018;02/01/2018;SI;EUR;BO9; - SCADUTA ;8346.83;20/03/2018
3603;39;04/01/2018;04/01/2018;SI;EUR;COT; - SCADUTA ;295.70;20/03/2018
2355;46;04/01/2018;28/02/2018;SI;EUR;RD1; - SCADUTA ;1547.56;20/03/2018
2077;62;08/01/2018;08/01/2018;SI;EUR;RIM; - SCADUTA ;4626.24;20/03/2018
730;64;08/01/2018;08/01/2018;SI;EUR;RIM; - SCADUTA ;4626.24;20/03/2018
3564;71;08/01/2018;08/01/2018;SI;EUR;CT3; - SCADUTA ;4418.07;20/03/2018
3611;73;08/01/2018;08/01/2018;SI;EUR;CT3; - SCADUTA ;2873.09;20/03/2018
873;79;08/01/2018;28/02/2018;SI;EUR;RD1; - SCADUTA ;14967.53;20/03/2018
2842;89;09/01/2018;09/01/2018;SI;EUR;COT; - SCADUTA ;663.03;20/03/2018
2881;110;10/01/2018;28/02/2018;SI;EUR;RD1; - SCADUTA ;1506.64;20/03/2018
873;114;11/01/2018;28/02/2018;SI;EUR;RD1; - SCADUTA ;6457.57;20/03/2018
2690;139;12/01/2018;12/01/2018;SI;EUR;RIM; - SCADUTA ;1039.12;20/03/2018
3617;181;15/01/2018;15/01/2018;SI;EUR;CON; - SCADUTA ;960.01;20/03/2018
3063;142;12/01/2018;12/01/2018;SI;EUR;CON; - SCADUTA ;746.96;20/03/2018
3063;185;15/01/2018;15/01/2018;SI;EUR;CON; - SCADUTA ;2782.84;20/03/2018
3620;186;15/01/2018;15/01/2018;SI;EUR;CT3; - SCADUTA ;777.76;20/03/2018
525;195;17/01/2018;17/01/2018;SI;EUR;BON; - SCADUTA ;1864.78;20/03/2018
3597;202;17/01/2018;17/01/2018;SI;EUR;CT3; - SCADUTA ;5841.18;20/03/2018
2690;172;15/01/2018;15/01/2018;SI;EUR;RIM; - SCADUTA ;863.55;20/03/2018
3262;176;15/01/2018;15/01/2018;SI;EUR;CT2; - SCADUTA ;1805.15;20/03/2018
3619;175;15/01/2018;15/01/2018;SI;EUR;CON; - SCADUTA ;1251.68;20/03/2018
3448;180;15/01/2018;15/01/2018;SI;EUR;RIM; - SCADUTA ;4283.42;20/03/2018
2914;207;17/01/2018;17/01/2018;SI;EUR;CT1; - SCADUTA ;165.25;20/03/2018
2092;210;17/01/2018;17/01/2018;SI;EUR;COT; - SCADUTA ;210.50;20/03/2018
3612;212;18/01/2018;18/01/2018;SI;EUR;CT2; - SCADUTA ;172.26;20/03/2018
3038;216;18/01/2018;18/01/2018;SI;EUR;RD9; - SCADUTA ;1648.27;20/03/2018
2492;224;18/01/2018;18/01/2018;SI;EUR;CT3; - SCADUTA ;440.03;20/03/2018
3038;228;18/01/2018;18/01/2018;SI;EUR;RD9; - SCADUTA ;2586.24;20/03/2018
3324;239;19/01/2018;28/02/2018;SI;EUR;RD1; - SCADUTA ;1978.64;20/03/2018
49;245;20/01/2018;20/01/2018;SI;EUR;RIM; - SCADUTA ;537.73;20/03/2018
2974;248;22/01/2018;28/02/2018;SI;EUR;RD1; - SCADUTA ;511.08;20/03/2018
3448;249;22/01/2018;22/01/2018;SI;EUR;RIM; - SCADUTA ;110.85;20/03/2018
3218;253;22/01/2018;22/01/2018;SI;EUR;CT3; - SCADUTA ;1036.09;20/03/2018
2690;260;22/01/2018;22/01/2018;SI;EUR;RIM; - SCADUTA ;325.33;20/03/2018
2690;261;23/01/2018;23/01/2018;SI;EUR;RIM; - SCADUTA ;414.07;20/03/2018
3348;263;23/01/2018;23/01/2018;SI;EUR;CT3; - SCADUTA ;5971.41;20/03/2018
3485;267;23/01/2018;28/02/2018;SI;EUR;BO3; - SCADUTA ;3463.71;20/03/2018
2926;1138;25/06/2015;28/02/2018;SI;EUR;RD6; - SCADUTA ;291.46;20/03/2018
3436;282;24/01/2018;24/01/2018;SI;EUR;CT3; - SCADUTA ;1102.17;20/03/2018
3587;283;24/01/2018;24/01/2018;SI;EUR;CT3; - SCADUTA ;2639.74;20/03/2018
10229;285;24/01/2018;24/01/2018;SI;EUR;CT2; - SCADUTA ;2032.95;20/03/2018
2917;288;25/01/2018;25/01/2018;SI;EUR;COT; - SCADUTA ;316.60;20/03/2018
3096;291;25/01/2018;25/01/2018;SI;EUR;COT; - SCADUTA ;503.68;20/03/2018
2595;298;26/01/2018;26/01/2018;SI;EUR;CT2; - SCADUTA ;408.13;20/03/2018
3093;300;26/01/2018;26/01/2018;SI;EUR;BO9; - SCADUTA ;1657.20;20/03/2018
2953;301;26/01/2018;26/01/2018;SI;EUR;CT3; - SCADUTA ;9101.10;20/03/2018
2241;311;30/01/2018;30/01/2018;SI;EUR;RIM; - SCADUTA ;1137.15;20/03/2018
141;314;30/01/2018;30/01/2018;SI;EUR;CON; - SCADUTA ;388.00;20/03/2018
2858;336;01/02/2018;01/02/2018;SI;EUR;CT2; - SCADUTA ;2151.81;20/03/2018
2842;19;01/02/2018;01/02/2018;SI;EUR;RIM; - SCADUTA ;-10.61;20/03/2018
2937;20;01/02/2018;01/02/2018;SI;EUR;RIM; - SCADUTA ;-8.56;20/03/2018
10227;348;05/02/2018;05/02/2018;SI;EUR;COT; - SCADUTA ;8.13;20/03/2018
3631;356;05/02/2018;05/02/2018;SI;EUR;COT; - SCADUTA ;335.00;20/03/2018
3328;364;06/02/2018;06/02/2018;SI;EUR;CT3; - SCADUTA ;2087.87;20/03/2018
3148;372;08/02/2018;08/02/2018;SI;EUR;CON; - SCADUTA ;1211.81;20/03/2018
2785;374;08/02/2018;08/02/2018;SI;EUR;RIM; - SCADUTA ;384.20;20/03/2018
2697;384;09/02/2018;09/02/2018;SI;EUR;CT3; - SCADUTA ;7734.74;20/03/2018
3530;398;13/02/2018;13/02/2018;SI;EUR;CT3; - SCADUTA ;4104.34;20/03/2018
3645;413;16/02/2018;16/02/2018;SI;EUR;COT; - SCADUTA ;418.66;20/03/2018
3633;415;16/02/2018;16/02/2018;SI;EUR;CT3; - SCADUTA ;5417.82;20/03/2018
2754;418;17/02/2018;17/02/2018;SI;EUR;COT; - SCADUTA ;19.02;20/03/2018
10170;4;31/12/2017;31/12/2017;SI;EUR;ASS; - SCADUTA ;3660.00;20/03/2018
2980;423;19/02/2018;19/02/2018;SI;EUR;CT3; - SCADUTA ;1053.67;20/03/2018
3576;428;20/02/2018;20/02/2018;SI;EUR;CON; - SCADUTA ;1193.40;20/03/2018
3216;429;20/02/2018;20/02/2018;SI;EUR;CT3; - SCADUTA ;3111.67;20/03/2018
3605;453;22/02/2018;22/02/2018;SI;EUR;CT3; - SCADUTA ;626.17;20/03/2018
2584;470;26/02/2018;26/02/2018;SI;EUR;COT; - SCADUTA ;644.61;20/03/2018
3058;476;27/02/2018;27/02/2018;SI;EUR;BNV; - SCADUTA ;1383.99;20/03/2018
3348;493;01/03/2018;01/03/2018;SI;EUR;CT3; - SCADUTA ;5411.64;20/03/2018
3214;494;01/03/2018;01/03/2018;SI;EUR;CT3; - SCADUTA ;1050.99;20/03/2018
3434;489;01/03/2018;01/03/2018;SI;EUR;CT3; - SCADUTA ;4408.41;20/03/2018
2883;508;02/03/2018;02/03/2018;SI;EUR;COT; - SCADUTA ;378.47;20/03/2018
2654;510;02/03/2018;02/03/2018;SI;EUR;BNV; - SCADUTA ;423.46;20/03/2018
3321;512;02/03/2018;02/03/2018;SI;EUR;CT3; - SCADUTA ;4908.46;20/03/2018
3657;515;02/03/2018;02/03/2018;SI;EUR;CT3; - SCADUTA ;4669.26;20/03/2018
10209;517;02/03/2018;02/03/2018;SI;EUR;CT2; - SCADUTA ;2707.79;20/03/2018
1815;518;02/03/2018;02/03/2018;SI;EUR;CT2; - SCADUTA ;736.07;20/03/2018
2435;514;02/03/2018;02/03/2018;SI;EUR;CT3; - SCADUTA ;3895.06;20/03/2018
1334;523;05/03/2018;05/03/2018;SI;EUR;COT; - SCADUTA ;198.15;20/03/2018
3407;529;05/03/2018;05/03/2018;SI;EUR;COT; - SCADUTA ;360.00;20/03/2018
3095;526;05/03/2018;05/03/2018;SI;EUR;CT2; - SCADUTA ;3529.64;20/03/2018
3555;537;06/03/2018;06/03/2018;SI;EUR;CT2; - SCADUTA ;611.94;20/03/2018
3614;535;06/03/2018;06/03/2018;SI;EUR;CT3; - SCADUTA ;635.23;20/03/2018
3343;542;07/03/2018;07/03/2018;SI;EUR;BON; - SCADUTA ;279.60;20/03/2018
10072;546;07/03/2018;07/03/2018;SI;EUR;CON; - SCADUTA ;611.13;20/03/2018
3597;549;07/03/2018;07/03/2018;SI;EUR;CT3; - SCADUTA ;12564.55;20/03/2018
10241;550;07/03/2018;07/03/2018;SI;EUR;CT2; - SCADUTA ;3744.97;20/03/2018
3079;551;07/03/2018;07/03/2018;SI;EUR;CT3; - SCADUTA ;2562.44;20/03/2018
3252;554;07/03/2018;07/03/2018;SI;EUR;CT3; - SCADUTA ;2955.88;20/03/2018
3256;555;07/03/2018;07/03/2018;SI;EUR;CON; - SCADUTA ;431.98;20/03/2018
2234;557;07/03/2018;07/03/2018;SI;EUR;CT3; - SCADUTA ;1275.39;20/03/2018
2699;558;07/03/2018;07/03/2018;SI;EUR;CT3; - SCADUTA ;1334.25;20/03/2018
3075;559;07/03/2018;07/03/2018;SI;EUR;CT2; - SCADUTA ;1295.79;20/03/2018
10238;556;07/03/2018;07/03/2018;SI;EUR;CT3; - SCADUTA ;1177.71;20/03/2018
3451;1891;05/09/2017;31/12/2017;SI;EUR;RD9; - SCADUTA ;9215.78;20/03/2018
2702;561;08/03/2018;08/03/2018;SI;EUR;CT3; - SCADUTA ;755.68;20/03/2018
3381;563;08/03/2018;08/03/2018;SI;EUR;CON; - SCADUTA ;1891.46;20/03/2018
3667;564;08/03/2018;08/03/2018;SI;EUR;CT1; - SCADUTA ;920.66;20/03/2018
3541;565;08/03/2018;08/03/2018;SI;EUR;CT3; - SCADUTA ;1508.93;20/03/2018
3563;566;08/03/2018;08/03/2018;SI;EUR;CT3; - SCADUTA ;1648.05;20/03/2018
10135;567;08/03/2018;08/03/2018;SI;EUR;CON; - SCADUTA ;1119.31;20/03/2018
3115;569;08/03/2018;08/03/2018;SI;EUR;BNA; - SCADUTA ;2490.83;20/03/2018
2841;568;08/03/2018;08/03/2018;SI;EUR;CT3; - SCADUTA ;1352.16;20/03/2018
3560;572;09/03/2018;09/03/2018;SI;EUR;BNV; - SCADUTA ;211.58;20/03/2018
2819;575;09/03/2018;09/03/2018;SI;EUR;COT; - SCADUTA ;463.47;20/03/2018
3554;578;09/03/2018;09/03/2018;SI;EUR;CT3; - SCADUTA ;6304.39;20/03/2018
3669;581;12/03/2018;12/03/2018;SI;EUR;CT2; - SCADUTA ;1596.61;20/03/2018
2842;580;12/03/2018;12/03/2018;SI;EUR;CT1; - SCADUTA ;710.14;20/03/2018
3342;2917;28/12/2017;28/02/2018;SI;EUR;RD6; - SCADUTA ;84.77;20/03/2018
3495;599;14/03/2018;14/03/2018;SI;EUR;CT3; - SCADUTA ;2558.66;20/03/2018
10195;2;28/02/2018;28/02/2018;SI;EUR;ASS; - SCADUTA ;311.18;20/03/2018
3670;603;14/03/2018;14/03/2018;SI;EUR;CT3; - SCADUTA ;3944.69;20/03/2018
2933;604;14/03/2018;14/03/2018;SI;EUR;COT; - SCADUTA ;1098.11;20/03/2018
2935;605;14/03/2018;14/03/2018;SI;EUR;CT2; - SCADUTA ;1911.19;20/03/2018
3153;606;14/03/2018;14/03/2018;SI;EUR;CT2; - SCADUTA ;3551.29;20/03/2018
3408;600;14/03/2018;14/03/2018;SI;EUR;CON; - SCADUTA ;1316.48;20/03/2018
3456;608;14/03/2018;14/03/2018;SI;EUR;CT3; - SCADUTA ;1212.18;20/03/2018
3668;607;14/03/2018;14/03/2018;SI;EUR;CON; - SCADUTA ;3034.05;20/03/2018
3331;602;14/03/2018;14/03/2018;SI;EUR;CT2; - SCADUTA ;1354.02;20/03/2018
3464;611;14/03/2018;14/03/2018;SI;EUR;CT3; - SCADUTA ;2124.29;20/03/2018
3476;614;14/03/2018;14/03/2018;SI;EUR;CT3; - SCADUTA ;611.27;20/03/2018
3246;618;14/03/2018;14/03/2018;SI;EUR;CT4; - SCADUTA ;2370.28;20/03/2018
3654;619;14/03/2018;14/03/2018;SI;EUR;CT3; - SCADUTA ;2229.72;20/03/2018
10214;627;15/03/2018;15/03/2018;SI;EUR;CT3; - SCADUTA ;1888.99;20/03/2018
2812;631;15/03/2018;15/03/2018;SI;EUR;CT1; - SCADUTA ;2050.47;20/03/2018
3554;628;15/03/2018;15/03/2018;SI;EUR;CT3; - SCADUTA ;3240.63;20/03/2018
3679;593;13/03/2018;13/03/2018;SI;EUR;COT; - SCADUTA ;2128.64;20/03/2018
3091;634;16/03/2018;16/03/2018;SI;EUR;CT3; - SCADUTA ;3638.52;20/03/2018
3538;637;16/03/2018;16/03/2018;SI;EUR;CT2; - SCADUTA ;7784.48;20/03/2018
3115;638;16/03/2018;16/03/2018;SI;EUR;BNA; - SCADUTA ;1982.73;20/03/2018
3151;639;16/03/2018;16/03/2018;SI;EUR;CT2; - SCADUTA ;654.73;20/03/2018
2917;640;16/03/2018;16/03/2018;SI;EUR;CON; - SCADUTA ;867.74;20/03/2018
10204;642;16/03/2018;16/03/2018;SI;EUR;BNV; - SCADUTA ;1208.68;20/03/2018
3046;646;16/03/2018;16/03/2018;SI;EUR;CT3; - SCADUTA ;551.07;20/03/2018
3330;583;13/03/2018;13/03/2018;SI;EUR;RIM; - SCADUTA ;1606.94;20/03/2018
3194;588;13/03/2018;13/03/2018;SI;EUR;CT2; - SCADUTA ;1654.98;20/03/2018
3671;590;13/03/2018;13/03/2018;SI;EUR;CON; - SCADUTA ;169.58;20/03/2018
3671;591;13/03/2018;13/03/2018;SI;EUR;CON; - SCADUTA ;586.53;20/03/2018
3672;592;13/03/2018;13/03/2018;SI;EUR;CON; - SCADUTA ;624.93;20/03/2018
3208;647;16/03/2018;16/03/2018;SI;EUR;CT3; - SCADUTA ;1413.76;20/03/2018
10244;655;19/03/2018;19/03/2018;SI;EUR;CT3; - SCADUTA ;871.52;20/03/2018
2834;656;19/03/2018;19/03/2018;SI;EUR;CT3; - SCADUTA ;5084.46;20/03/2018
3064;662;19/03/2018;19/03/2018;SI;EUR;CON; - SCADUTA ;656.81;20/03/2018
3175;663;19/03/2018;19/03/2018;SI;EUR;CT2; - SCADUTA ;752.90;20/03/2018
3343;665;19/03/2018;19/03/2018;SI;EUR;BON; - SCADUTA ;652.69;20/03/2018
2907;666;19/03/2018;19/03/2018;SI;EUR;CT2; - SCADUTA ;1927.09;20/03/2018
2753;667;19/03/2018;19/03/2018;SI;EUR;CT2; - SCADUTA ;2003.95;20/03/2018
3337;668;19/03/2018;19/03/2018;SI;EUR;CT3; - SCADUTA ;998.19;20/03/2018
3681;669;19/03/2018;19/03/2018;SI;EUR;CT3; - SCADUTA ;2600.25;20/03/2018
1475;1128;29/06/2011;30/09/2077;NO;EUR;CON; - DA SCADERE ;694.07;20/03/2018
1628;2482;02/11/2017;30/04/2018;SI;EUR;RB0; - DA SCADERE ;1435.16;20/03/2018
1628;2483;02/11/2017;30/04/2018;SI;EUR;RB0; - DA SCADERE ;1435.16;20/03/2018
1628;2484;02/11/2017;30/04/2018;SI;EUR;RB0; - DA SCADERE ;1435.16;20/03/2018
1628;2485;02/11/2017;30/04/2018;SI;EUR;RB0; - DA SCADERE ;1435.16;20/03/2018
175;2487;02/11/2017;31/03/2018;SI;EUR;RB7;emessa - DA SCADERE ;1197.30;20/03/2018
1628;2481;02/11/2017;30/04/2018;SI;EUR;RB0; - DA SCADERE ;4545.84;20/03/2018
2790;2502;06/11/2017;31/03/2018;SI;EUR;RB7; - DA SCADERE ;959.49;20/03/2018
1458;2504;06/11/2017;31/03/2018;SI;EUR;RB7; - DA SCADERE ;600.68;20/03/2018
2789;2566;13/11/2017;31/03/2018;SI;EUR;RB7; - DA SCADERE ;2350.27;20/03/2018
3594;2614;21/11/2017;31/03/2018;SI;EUR;RB7; - DA SCADERE ;2417.41;20/03/2018
2790;2624;22/11/2017;31/03/2018;SI;EUR;RB7; - DA SCADERE ;4032.69;20/03/2018
175;2646;28/11/2017;31/03/2018;SI;EUR;RB7;emessa - DA SCADERE ;1314.65;20/03/2018
10197;2659;29/11/2017;31/03/2018;SI;EUR;RB6; - DA SCADERE ;1126.24;20/03/2018
2926;2668;01/12/2017;31/03/2018;SI;EUR;RB5; - DA SCADERE ;574.27;20/03/2018
1458;2674;01/12/2017;30/04/2018;SI;EUR;RB7; - DA SCADERE ;681.98;20/03/2018
3106;2675;01/12/2017;31/03/2018;SI;EUR;R9D; - DA SCADERE ;1464.00;20/03/2018
1458;2678;01/12/2017;30/04/2018;SI;EUR;RB7; - DA SCADERE ;147.86;20/03/2018
1458;2680;01/12/2017;30/04/2018;SI;EUR;RB7; - DA SCADERE ;248.05;20/03/2018
3142;2683;02/12/2017;31/03/2018;NO;EUR;RD9; - DA SCADERE ;1810.47;20/03/2018
3079;156;04/12/2017;31/03/2018;SI;EUR;RD9; - DA SCADERE ;-26.62;20/03/2018
3450;2693;04/12/2017;30/04/2018;SI;EUR;RB7; - DA SCADERE ;2944.32;20/03/2018
10120;2700;05/12/2017;31/03/2018;SI;EUR;RD9; - DA SCADERE ;8883.55;20/03/2018
2501;2706;05/12/2017;31/03/2018;SI;EUR;R9D; - DA SCADERE ;3398.33;20/03/2018
1865;2713;06/12/2017;31/03/2018;SI;EUR;RD9; - DA SCADERE ;7501.10;20/03/2018
2005;159;06/12/2017;31/03/2018;NO;EUR;RD9; - DA SCADERE ;-840.47;20/03/2018
262;2716;06/12/2017;31/03/2018;SI;EUR;RB6; - DA SCADERE ;860.65;20/03/2018
2789;2717;06/12/2017;31/03/2018;SI;EUR;RB6; - DA SCADERE ;5627.04;20/03/2018
3529;2719;06/12/2017;31/03/2018;NO;EUR;BO9; - DA SCADERE ;4087.04;20/03/2018
2005;2720;06/12/2017;31/03/2018;SI;EUR;RB6; - DA SCADERE ;6671.18;20/03/2018
3326;2722;06/12/2017;31/03/2018;SI;EUR;RD9; - DA SCADERE ;931.65;20/03/2018
2365;2726;07/12/2017;31/03/2018;SI;EUR;RB5; - DA SCADERE ;483.12;20/03/2018
2450;2730;07/12/2017;31/03/2018;SI;EUR;RB6; - DA SCADERE ;6219.74;20/03/2018
3375;2731;07/12/2017;31/03/2018;SI;EUR;RD9; - DA SCADERE ;9218.94;20/03/2018
2325;2733;07/12/2017;31/03/2018;SI;EUR;RB6; - DA SCADERE ;1729.89;20/03/2018
1458;2681;01/12/2017;30/04/2018;SI;EUR;RB7; - DA SCADERE ;669.93;20/03/2018
3553;2747;11/12/2017;31/03/2018;SI;EUR;BO9; - DA SCADERE ;2205.54;20/03/2018
2921;2753;11/12/2017;31/03/2018;SI;EUR;R9D; - DA SCADERE ;977.98;20/03/2018
1093;2754;11/12/2017;31/03/2018;SI;EUR;RB6; - DA SCADERE ;849.38;20/03/2018
3143;2757;11/12/2017;31/03/2018;SI;EUR;RB6; - DA SCADERE ;897.62;20/03/2018
2323;2760;11/12/2017;31/03/2018;SI;EUR;RB6; - DA SCADERE ;4526.13;20/03/2018
2323;2759;11/12/2017;31/03/2018;SI;EUR;RB6; - DA SCADERE ;4022.61;20/03/2018
175;2764;12/12/2017;30/04/2018;SI;EUR;RB7;emessa - DA SCADERE ;2255.50;20/03/2018
103;2766;12/12/2017;31/03/2018;SI;EUR;RB6; - DA SCADERE ;865.49;20/03/2018
2900;2767;12/12/2017;31/03/2018;SI;EUR;R9D; - DA SCADERE ;313.88;20/03/2018
943;2791;13/12/2017;31/03/2018;SI;EUR;RB6; - DA SCADERE ;1272.08;20/03/2018
3503;2792;13/12/2017;31/03/2018;SI;EUR;RB6; - DA SCADERE ;6164.61;20/03/2018
2692;2799;13/12/2017;31/03/2018;SI;EUR;BO9; - DA SCADERE ;1306.90;20/03/2018
2898;2801;13/12/2017;31/03/2018;SI;EUR;R9D; - DA SCADERE ;487.44;20/03/2018
2005;2806;13/12/2017;31/03/2018;SI;EUR;RB6; - DA SCADERE ;12368.46;20/03/2018
3551;2813;14/12/2017;31/03/2018;SI;EUR;BO9; - DA SCADERE ;2000.58;20/03/2018
175;163;15/12/2017;31/03/2018;SI;EUR;RD9;emessa - DA SCADERE ;-162.63;20/03/2018
3143;2820;15/12/2017;31/03/2018;SI;EUR;RB6; - DA SCADERE ;133.09;20/03/2018
3095;165;15/12/2017;31/03/2018;SI;EUR;RD9; - DA SCADERE ;-44.36;20/03/2018
2749;2823;15/12/2017;31/03/2018;SI;EUR;RB6; - DA SCADERE ;1620.60;20/03/2018
2754;166;15/12/2017;31/03/2018;NO;EUR;RD9; - DA SCADERE ;-32.48;20/03/2018
3451;2832;16/12/2017;31/03/2018;SI;EUR;RD9; - DA SCADERE ;3173.84;20/03/2018
49;167;16/12/2017;31/03/2018;SI;EUR;RD9; - DA SCADERE ;-44.36;20/03/2018
1497;2835;18/12/2017;31/03/2018;SI;EUR;RB6; - DA SCADERE ;11432.25;20/03/2018
2402;2840;18/12/2017;31/03/2018;SI;EUR;RD9; - DA SCADERE ;8213.42;20/03/2018
2365;2841;18/12/2017;31/03/2018;SI;EUR;R3B; - DA SCADERE ;500.77;20/03/2018
2365;2841;18/12/2017;30/04/2018;SI;EUR;R3B; - DA SCADERE ;500.77;20/03/2018
1628;2853;19/12/2017;31/05/2018;SI;EUR;RB0; - DA SCADERE ;572.18;20/03/2018
1628;2854;19/12/2017;31/05/2018;SI;EUR;RB0; - DA SCADERE ;557.54;20/03/2018
1628;2856;19/12/2017;31/05/2018;SI;EUR;RB0; - DA SCADERE ;505.93;20/03/2018
1628;2855;19/12/2017;31/05/2018;SI;EUR;RB0; - DA SCADERE ;462.00;20/03/2018
1628;2857;19/12/2017;31/05/2018;SI;EUR;RB0; - DA SCADERE ;497.59;20/03/2018
3597;2861;19/12/2017;31/03/2018;SI;EUR;RD9; - DA SCADERE ;575.44;20/03/2018
1458;2868;19/12/2017;30/04/2018;SI;EUR;RB7; - DA SCADERE ;947.44;20/03/2018
1458;2878;20/12/2017;30/04/2018;SI;EUR;RB7; - DA SCADERE ;718.42;20/03/2018
2167;2879;20/12/2017;31/03/2018;SI;EUR;BO9; - DA SCADERE ;1115.08;20/03/2018
10059;2880;20/12/2017;31/03/2018;SI;EUR;R9D; - DA SCADERE ;1161.83;20/03/2018
2926;2888;21/12/2017;31/03/2018;SI;EUR;RB5; - DA SCADERE ;256.93;20/03/2018
2523;2887;21/12/2017;31/03/2018;NO;EUR;R9D; - DA SCADERE ;368.57;20/03/2018
3451;2896;22/12/2017;31/03/2018;SI;EUR;RD9; - DA SCADERE ;46479.95;20/03/2018
2167;2906;27/12/2017;31/03/2018;SI;EUR;BO9; - DA SCADERE ;6138.17;20/03/2018
10059;2907;27/12/2017;31/03/2018;SI;EUR;R9D; - DA SCADERE ;6138.17;20/03/2018
2898;2912;27/12/2017;31/03/2018;SI;EUR;R9D; - DA SCADERE ;11944.20;20/03/2018
2790;2904;27/12/2017;30/04/2018;SI;EUR;RB7; - DA SCADERE ;8700.78;20/03/2018
2926;2916;28/12/2017;31/03/2018;SI;EUR;4RB; - DA SCADERE ;1708.54;20/03/2018
2926;2916;28/12/2017;30/04/2018;SI;EUR;4RB; - DA SCADERE ;1708.54;20/03/2018
2926;2916;28/12/2017;31/05/2018;SI;EUR;4RB; - DA SCADERE ;1708.54;20/03/2018
175;2919;28/12/2017;30/04/2018;SI;EUR;RB7; - DA SCADERE ;213.50;20/03/2018
3068;2921;28/12/2017;31/03/2018;SI;EUR;R9D; - DA SCADERE ;6358.42;20/03/2018
3068;2922;28/12/2017;31/03/2018;SI;EUR;R9D; - DA SCADERE ;7730.46;20/03/2018
1112;2927;28/12/2017;31/03/2018;SI;EUR;RD9; - DA SCADERE ;479.14;20/03/2018
1962;2929;29/12/2017;31/03/2018;NO;EUR;RD9; - DA SCADERE ;258.62;20/03/2018
3342;174;30/12/2017;31/03/2018;SI;EUR;RD9; - DA SCADERE ;-58.50;20/03/2018
108;9;02/01/2018;10/05/2018;SI;EUR;RB6; - DA SCADERE ;808.74;20/03/2018
22;15;03/01/2018;30/04/2018;SI;EUR;RB6; - DA SCADERE ;908.09;20/03/2018
2651;23;03/01/2018;31/03/2018;SI;EUR;RD6; - DA SCADERE ;2313.12;20/03/2018
10160;25;03/01/2018;30/04/2018;SI;EUR;RB6; - DA SCADERE ;378.66;20/03/2018
1747;30;03/01/2018;30/04/2018;SI;EUR;RB6; - DA SCADERE ;1051.82;20/03/2018
1747;31;03/01/2018;30/04/2018;SI;EUR;RB6; - DA SCADERE ;1051.82;20/03/2018
1747;32;03/01/2018;30/04/2018;SI;EUR;RB6; - DA SCADERE ;1051.82;20/03/2018
2433;36;04/01/2018;31/05/2018;SI;EUR;RB7; - DA SCADERE ;681.61;20/03/2018
2738;41;04/01/2018;30/04/2018;SI;EUR;RB6; - DA SCADERE ;1100.31;20/03/2018
10059;44;04/01/2018;30/04/2018;SI;EUR;R9D; - DA SCADERE ;1121.29;20/03/2018
437;52;05/01/2018;30/04/2018;SI;EUR;RB6; - DA SCADERE ;1080.85;20/03/2018
175;50;05/01/2018;31/05/2018;SI;EUR;RB7; - DA SCADERE ;913.73;20/03/2018
175;54;05/01/2018;31/05/2018;SI;EUR;RB7;emessa - DA SCADERE ;7401.98;20/03/2018
1289;58;05/01/2018;30/04/2018;SI;EUR;BO9; - DA SCADERE ;2630.06;20/03/2018
898;63;08/01/2018;30/04/2018;SI;EUR;R9D; - DA SCADERE ;2313.12;20/03/2018
3356;65;08/01/2018;30/04/2018;SI;EUR;RD9; - DA SCADERE ;5940.18;20/03/2018
2690;67;08/01/2018;30/04/2018;NO;EUR;R9D; - DA SCADERE ;1935.24;20/03/2018
3503;69;08/01/2018;30/04/2018;SI;EUR;RB6; - DA SCADERE ;1283.40;20/03/2018
2450;76;08/01/2018;30/04/2018;SI;EUR;RB6; - DA SCADERE ;4708.08;20/03/2018
2632;78;08/01/2018;30/04/2018;NO;EUR;RD9; - DA SCADERE ;48.82;20/03/2018
2690;80;08/01/2018;30/04/2018;NO;EUR;RD9; - DA SCADERE ;1511.14;20/03/2018
2652;85;09/01/2018;30/04/2018;SI;EUR;RD9; - DA SCADERE ;3050.00;20/03/2018
1458;1;02/01/2018;31/05/2018;SI;EUR;RB7; - DA SCADERE ;18710.60;20/03/2018
1628;88;09/01/2018;30/06/2018;SI;EUR;RB0; - DA SCADERE ;2909.93;20/03/2018
2790;90;09/01/2018;31/05/2018;SI;EUR;RB7; - DA SCADERE ;3479.60;20/03/2018
2323;176;30/12/2017;31/03/2018;SI;EUR;RD9; - DA SCADERE ;-44.36;20/03/2018
2737;177;30/12/2017;31/03/2018;SI;EUR;RD9; - DA SCADERE ;-25.13;20/03/2018
2898;105;10/01/2018;30/04/2018;SI;EUR;R9D; - DA SCADERE ;1972.62;20/03/2018
1497;178;30/12/2017;31/03/2018;SI;EUR;RD9; - DA SCADERE ;-108.57;20/03/2018
2646;115;11/01/2018;30/04/2018;SI;EUR;RB6; - DA SCADERE ;535.87;20/03/2018
1093;118;11/01/2018;30/04/2018;SI;EUR;RB6; - DA SCADERE ;1697.39;20/03/2018
2738;119;11/01/2018;30/04/2018;SI;EUR;RB6; - DA SCADERE ;903.75;20/03/2018
2736;125;11/01/2018;31/03/2018;SI;EUR;RD6; - DA SCADERE ;1443.85;20/03/2018
3451;127;11/01/2018;30/04/2018;SI;EUR;RD9; - DA SCADERE ;1617.74;20/03/2018
2738;129;11/01/2018;30/04/2018;SI;EUR;RB6; - DA SCADERE ;2898.92;20/03/2018
2365;8;16/01/2018;30/04/2018;NO;EUR;RD9; - DA SCADERE ;-96.12;20/03/2018
3451;199;17/01/2018;30/04/2018;SI;EUR;RD9; - DA SCADERE ;1283.93;20/03/2018
3354;153;13/01/2018;30/04/2018;SI;EUR;R9D; - DA SCADERE ;5437.49;20/03/2018
175;171;15/01/2018;31/05/2018;SI;EUR;RB7; - DA SCADERE ;2170.03;20/03/2018
2450;208;17/01/2018;30/04/2018;SI;EUR;RB6; - DA SCADERE ;842.11;20/03/2018
3172;213;18/01/2018;30/04/2018;SI;EUR;RD9; - DA SCADERE ;990.66;20/03/2018
898;223;18/01/2018;30/04/2018;SI;EUR;RD9; - DA SCADERE ;1435.28;20/03/2018
3219;227;18/01/2018;30/04/2018;SI;EUR;BO9; - DA SCADERE ;3041.47;20/03/2018
3503;235;19/01/2018;30/04/2018;SI;EUR;RB6; - DA SCADERE ;651.22;20/03/2018
22;238;19/01/2018;30/04/2018;SI;EUR;RB6; - DA SCADERE ;1268.02;20/03/2018
3266;240;19/01/2018;30/04/2018;SI;EUR;BO9; - DA SCADERE ;1704.02;20/03/2018
3186;241;19/01/2018;31/03/2018;SI;EUR;RD6; - DA SCADERE ;1054.23;20/03/2018
3142;244;19/01/2018;30/04/2018;NO;EUR;RD9; - DA SCADERE ;1156.56;20/03/2018
1458;251;22/01/2018;31/05/2018;SI;EUR;RB7; - DA SCADERE ;570.84;20/03/2018
2167;254;22/01/2018;30/04/2018;SI;EUR;BO9; - DA SCADERE ;1100.09;20/03/2018
2588;255;22/01/2018;31/03/2018;NO;EUR;BO6; - DA SCADERE ;210.41;20/03/2018
2394;256;22/01/2018;30/04/2018;SI;EUR;RD9; - DA SCADERE ;7652.79;20/03/2018
2887;257;22/01/2018;30/04/2018;SI;EUR;RD9; - DA SCADERE ;3171.10;20/03/2018
3398;258;22/01/2018;31/03/2018;SI;EUR;BO6; - DA SCADERE ;1342.52;20/03/2018
3471;264;23/01/2018;31/03/2018;SI;EUR;RD6; - DA SCADERE ;485.22;20/03/2018
3432;265;23/01/2018;31/03/2018;SI;EUR;RD6; - DA SCADERE ;633.38;20/03/2018
3472;266;23/01/2018;31/03/2018;SI;EUR;RD6; - DA SCADERE ;466.67;20/03/2018
3368;268;23/01/2018;30/04/2018;SI;EUR;RB6; - DA SCADERE ;753.11;20/03/2018
3068;269;23/01/2018;30/04/2018;SI;EUR;R9D; - DA SCADERE ;2484.08;20/03/2018
3068;270;23/01/2018;30/04/2018;SI;EUR;R9D; - DA SCADERE ;2763.39;20/03/2018
2749;271;23/01/2018;30/04/2018;SI;EUR;RB6; - DA SCADERE ;1235.85;20/03/2018
2926;2916;28/12/2017;30/06/2018;SI;EUR;4RB; - DA SCADERE ;1708.54;20/03/2018
2926;2916;28/12/2017;31/07/2018;SI;EUR;4RB; - DA SCADERE ;1708.56;20/03/2018
2926;1138;25/06/2015;31/03/2018;SI;EUR;RD6; - DA SCADERE ;291.46;20/03/2018
2926;1138;25/06/2015;30/04/2018;SI;EUR;RD6; - DA SCADERE ;291.46;20/03/2018
2926;1138;25/06/2015;31/05/2018;SI;EUR;RD6; - DA SCADERE ;291.46;20/03/2018
2926;1138;25/06/2015;30/06/2018;SI;EUR;RD6; - DA SCADERE ;291.46;20/03/2018
2926;1138;25/06/2015;31/07/2018;SI;EUR;RD6; - DA SCADERE ;291.44;20/03/2018
1497;274;24/01/2018;30/04/2018;SI;EUR;RB6; - DA SCADERE ;3085.87;20/03/2018
3342;275;24/01/2018;31/03/2018;SI;EUR;RD6; - DA SCADERE ;115.34;20/03/2018
2926;276;24/01/2018;31/03/2018;SI;EUR;RB5; - DA SCADERE ;329.78;20/03/2018
2926;276;24/01/2018;30/04/2018;SI;EUR;RB5; - DA SCADERE ;329.79;20/03/2018
1489;280;24/01/2018;31/03/2018;SI;EUR;RD6; - DA SCADERE ;1057.50;20/03/2018
3213;281;24/01/2018;30/04/2018;SI;EUR;RB6; - DA SCADERE ;1535.68;20/03/2018
756;287;25/01/2018;30/04/2018;SI;EUR;R9D; - DA SCADERE ;1403.44;20/03/2018
175;296;26/01/2018;31/05/2018;SI;EUR;RB7; - DA SCADERE ;2789.63;20/03/2018
3147;299;26/01/2018;30/04/2018;SI;EUR;RB6; - DA SCADERE ;1575.48;20/03/2018
943;304;29/01/2018;30/04/2018;SI;EUR;RB6; - DA SCADERE ;1847.90;20/03/2018
3093;306;29/01/2018;31/03/2018;SI;EUR;BO6; - DA SCADERE ;564.43;20/03/2018
2005;307;29/01/2018;30/04/2018;SI;EUR;RB6; - DA SCADERE ;4031.05;20/03/2018
2323;308;30/01/2018;30/04/2018;SI;EUR;RB6; - DA SCADERE ;1165.81;20/03/2018
2323;15;30/01/2018;30/04/2018;SI;EUR;RD9; - DA SCADERE ;-1133.43;20/03/2018
1998;313;30/01/2018;31/03/2018;SI;EUR;RB2; - DA SCADERE ;613.00;20/03/2018
2323;316;30/01/2018;30/04/2018;SI;EUR;RB6; - DA SCADERE ;6442.56;20/03/2018
2738;315;30/01/2018;30/04/2018;SI;EUR;RB6; - DA SCADERE ;1412.77;20/03/2018
1497;16;31/01/2018;30/04/2018;SI;EUR;RD9; - DA SCADERE ;-351.36;20/03/2018
2433;319;31/01/2018;30/06/2018;SI;EUR;RB7; - DA SCADERE ;707.40;20/03/2018
431;320;31/01/2018;30/04/2018;SI;EUR;RB6; - DA SCADERE ;681.14;20/03/2018
1765;322;31/01/2018;31/03/2018;SI;EUR;RB2; - DA SCADERE ;1114.74;20/03/2018
3342;327;31/01/2018;31/03/2018;SI;EUR;RD6; - DA SCADERE ;177.45;20/03/2018
3589;332;01/02/2018;31/03/2018;SI;EUR;RD1; - DA SCADERE ;764.77;20/03/2018
913;334;01/02/2018;31/03/2018;SI;EUR;RD1; - DA SCADERE ;6146.12;20/03/2018
756;21;01/02/2018;31/05/2018;SI;EUR;RD9; - DA SCADERE ;-26.32;20/03/2018
3586;338;02/02/2018;31/03/2018;SI;EUR;RD1; - DA SCADERE ;1804.38;20/03/2018
2450;339;02/02/2018;31/05/2018;SI;EUR;RB6; - DA SCADERE ;1605.95;20/03/2018
2495;340;02/02/2018;30/04/2018;SI;EUR;RD6; - DA SCADERE ;794.60;20/03/2018
3451;346;02/02/2018;31/05/2018;SI;EUR;RD9; - DA SCADERE ;4352.68;20/03/2018
467;345;02/02/2018;31/03/2018;NO;EUR;RD1; - DA SCADERE ;109.80;20/03/2018
10227;22;03/02/2018;31/03/2018;SI;EUR;RD1; - DA SCADERE ;-415.35;20/03/2018
2142;351;05/02/2018;31/05/2018;SI;EUR;RB6; - DA SCADERE ;671.43;20/03/2018
3375;352;05/02/2018;31/05/2018;SI;EUR;RD9; - DA SCADERE ;8522.04;20/03/2018
1458;353;05/02/2018;30/06/2018;SI;EUR;RB7; - DA SCADERE ;664.12;20/03/2018
22;354;05/02/2018;31/05/2018;SI;EUR;RB6; - DA SCADERE ;1193.45;20/03/2018
3586;23;06/02/2018;31/05/2018;SI;EUR;RD9; - DA SCADERE ;-147.88;20/03/2018
1093;359;06/02/2018;31/05/2018;SI;EUR;RB6; - DA SCADERE ;992.02;20/03/2018
262;361;06/02/2018;31/05/2018;SI;EUR;RB6; - DA SCADERE ;5285.08;20/03/2018
3143;363;06/02/2018;31/05/2018;SI;EUR;RB6; - DA SCADERE ;508.68;20/03/2018
108;367;07/02/2018;10/06/2018;SI;EUR;RB6; - DA SCADERE ;598.39;20/03/2018
3117;368;07/02/2018;31/05/2018;SI;EUR;R9D; - DA SCADERE ;1328.96;20/03/2018
3324;370;07/02/2018;31/03/2018;SI;EUR;RD1; - DA SCADERE ;3556.61;20/03/2018
2926;371;07/02/2018;30/04/2018;SI;EUR;RB2; - DA SCADERE ;311.11;20/03/2018
2896;377;08/02/2018;31/03/2018;SI;EUR;RD1; - DA SCADERE ;44.36;20/03/2018
175;378;09/02/2018;30/06/2018;SI;EUR;RB7; - DA SCADERE ;1885.02;20/03/2018
3231;381;09/02/2018;31/05/2018;SI;EUR;R9D; - DA SCADERE ;3027.42;20/03/2018
2717;383;09/02/2018;31/03/2018;SI;EUR;RB1; - DA SCADERE ;801.39;20/03/2018
2535;386;09/02/2018;31/05/2018;SI;EUR;RD9; - DA SCADERE ;6950.34;20/03/2018
3156;395;13/02/2018;31/05/2018;SI;EUR;RD9; - DA SCADERE ;1104.43;20/03/2018
1516;396;13/02/2018;31/05/2018;SI;EUR;BO9; - DA SCADERE ;1053.53;20/03/2018
3150;408;15/02/2018;31/03/2018;SI;EUR;RD1; - DA SCADERE ;3335.42;20/03/2018
3048;409;15/02/2018;31/03/2018;SI;EUR;RB1; - DA SCADERE ;1040.01;20/03/2018
3503;411;15/02/2018;31/05/2018;SI;EUR;RB6; - DA SCADERE ;1943.53;20/03/2018
2652;412;16/02/2018;31/05/2018;SI;EUR;RD9; - DA SCADERE ;3287.74;20/03/2018
10232;26;16/02/2018;30/04/2018;SI;EUR;RD6; - DA SCADERE ;-32.54;20/03/2018
3117;27;16/02/2018;31/05/2018;SI;EUR;RD9; - DA SCADERE ;-77.64;20/03/2018
3471;28;16/02/2018;30/04/2018;SI;EUR;RD6; - DA SCADERE ;-18.48;20/03/2018
175;29;16/02/2018;31/05/2018;SI;EUR;RD9; - DA SCADERE ;-232.75;20/03/2018
2535;30;16/02/2018;31/05/2018;SI;EUR;RD9; - DA SCADERE ;-14.79;20/03/2018
10120;416;17/02/2018;31/05/2018;SI;EUR;RD9; - DA SCADERE ;2482.64;20/03/2018
10197;420;19/02/2018;31/05/2018;SI;EUR;RB6; - DA SCADERE ;2676.33;20/03/2018
913;432;20/02/2018;31/03/2018;SI;EUR;RD1; - DA SCADERE ;7762.56;20/03/2018
2005;435;21/02/2018;31/05/2018;SI;EUR;RB6; - DA SCADERE ;4185.99;20/03/2018
1093;439;21/02/2018;31/05/2018;SI;EUR;RB6; - DA SCADERE ;367.83;20/03/2018
3143;440;21/02/2018;31/05/2018;SI;EUR;RB6; - DA SCADERE ;637.85;20/03/2018
2738;441;21/02/2018;31/05/2018;SI;EUR;RB6; - DA SCADERE ;1117.36;20/03/2018
2325;442;21/02/2018;31/05/2018;SI;EUR;RB6; - DA SCADERE ;1703.71;20/03/2018
2325;443;21/02/2018;31/05/2018;SI;EUR;RB6; - DA SCADERE ;1419.24;20/03/2018
3589;445;21/02/2018;31/03/2018;SI;EUR;RD1; - DA SCADERE ;2165.77;20/03/2018
2736;446;21/02/2018;30/04/2018;SI;EUR;RD6; - DA SCADERE ;1494.17;20/03/2018
3629;450;21/02/2018;10/05/2018;SI;EUR;R3B; - DA SCADERE ;1472.89;20/03/2018
3629;450;21/02/2018;11/06/2018;SI;EUR;R3B; - DA SCADERE ;1472.90;20/03/2018
3629;450;21/02/2018;10/07/2018;SI;EUR;R3B; - DA SCADERE ;1472.90;20/03/2018
2501;452;21/02/2018;31/05/2018;SI;EUR;R9D; - DA SCADERE ;5839.12;20/03/2018
873;454;22/02/2018;31/03/2018;SI;EUR;RD1; - DA SCADERE ;884.28;20/03/2018
3652;456;22/02/2018;30/04/2018;SI;EUR;RD6; - DA SCADERE ;1312.67;20/03/2018
3596;462;22/02/2018;31/05/2018;SI;EUR;BO9; - DA SCADERE ;1328.54;20/03/2018
3147;464;23/02/2018;31/05/2018;SI;EUR;RB6; - DA SCADERE ;599.09;20/03/2018
175;477;27/02/2018;30/06/2018;SI;EUR;RB7; - DA SCADERE ;5242.22;20/03/2018
1516;478;27/02/2018;31/05/2018;SI;EUR;BO9; - DA SCADERE ;770.54;20/03/2018
3150;480;27/02/2018;31/03/2018;SI;EUR;RD1; - DA SCADERE ;2814.34;20/03/2018
3666;447;21/02/2018;31/05/2018;SI;EUR;RD9; - DA SCADERE ;2497.41;20/03/2018
3231;31;27/02/2018;31/05/2018;SI;EUR;RD9; - DA SCADERE ;-160.21;20/03/2018
175;486;01/03/2018;31/07/2018;SI;EUR;RB7; - DA SCADERE ;1280.32;20/03/2018
2694;488;01/03/2018;30/04/2018;SI;EUR;RD1; - DA SCADERE ;620.37;20/03/2018
3323;490;01/03/2018;30/06/2018;SI;EUR;BO9; - DA SCADERE ;9268.28;20/03/2018
898;491;01/03/2018;30/06/2018;SI;EUR;RD9; - DA SCADERE ;603.40;20/03/2018
2257;495;01/03/2018;30/06/2018;SI;EUR;R9D; - DA SCADERE ;5757.64;20/03/2018
3106;496;01/03/2018;30/06/2018;SI;EUR;R9D; - DA SCADERE ;13020.82;20/03/2018
2257;497;01/03/2018;30/06/2018;SI;EUR;R9D; - DA SCADERE ;5446.17;20/03/2018
2257;499;01/03/2018;30/06/2018;SI;EUR;R9D; - DA SCADERE ;5063.05;20/03/2018
3633;501;01/03/2018;30/06/2018;SI;EUR;RD9; - DA SCADERE ;1803.93;20/03/2018
2257;498;01/03/2018;30/06/2018;SI;EUR;R9D; - DA SCADERE ;4418.28;20/03/2018
2394;507;02/03/2018;30/06/2018;SI;EUR;RD9; - DA SCADERE ;4103.90;20/03/2018
1489;509;02/03/2018;31/05/2018;SI;EUR;RD6; - DA SCADERE ;2397.20;20/03/2018
3589;511;02/03/2018;30/04/2018;SI;EUR;RD1; - DA SCADERE ;878.40;20/03/2018
3428;506;02/03/2018;30/06/2018;SI;EUR;R9D; - DA SCADERE ;737.22;20/03/2018
3467;463;22/02/2018;31/05/2018;SI;EUR;RD9; - DA SCADERE ;27192.92;20/03/2018
10166;519;03/03/2018;30/06/2018;SI;EUR;R9D; - DA SCADERE ;1556.10;20/03/2018
1497;520;05/03/2018;30/06/2018;SI;EUR;RB6; - DA SCADERE ;750.65;20/03/2018
1458;525;05/03/2018;31/07/2018;SI;EUR;RB7; - DA SCADERE ;553.37;20/03/2018
10197;527;05/03/2018;30/06/2018;SI;EUR;RB6; - DA SCADERE ;8759.04;20/03/2018
2794;528;05/03/2018;31/07/2018;SI;EUR;RB7; - DA SCADERE ;4663.43;20/03/2018
2789;530;05/03/2018;31/07/2018;SI;EUR;RB7; - DA SCADERE ;3851.85;20/03/2018
1093;534;06/03/2018;30/06/2018;SI;EUR;RB6; - DA SCADERE ;1013.49;20/03/2018
3452;533;06/03/2018;30/06/2018;SI;EUR;RB6; - DA SCADERE ;352.63;20/03/2018
2749;536;06/03/2018;30/06/2018;SI;EUR;RB6; - DA SCADERE ;1477.55;20/03/2018
10228;538;06/03/2018;30/06/2018;SI;EUR;R9D; - DA SCADERE ;2779.79;20/03/2018
10240;541;06/03/2018;30/04/2018;SI;EUR;RD1; - DA SCADERE ;4753.44;20/03/2018
3467;543;07/03/2018;30/06/2018;SI;EUR;RD9; - DA SCADERE ;17011.68;20/03/2018
10208;545;07/03/2018;30/06/2018;SI;EUR;RD9; - DA SCADERE ;9956.35;20/03/2018
3451;548;07/03/2018;30/06/2018;SI;EUR;RD9; - DA SCADERE ;9271.43;20/03/2018
2450;553;07/03/2018;30/06/2018;SI;EUR;RB6; - DA SCADERE ;3814.89;20/03/2018
3661;552;07/03/2018;30/06/2018;SI;EUR;R9D; - DA SCADERE ;2610.25;20/03/2018
3123;562;08/03/2018;30/06/2018;SI;EUR;R9D; - DA SCADERE ;3570.29;20/03/2018
2706;570;09/03/2018;30/06/2018;SI;EUR;RD9; - DA SCADERE ;4304.33;20/03/2018
2879;571;09/03/2018;30/06/2018;NO;EUR;RD9; - DA SCADERE ;781.85;20/03/2018
3586;573;09/03/2018;30/04/2018;SI;EUR;RD1; - DA SCADERE ;853.51;20/03/2018
3589;574;09/03/2018;30/04/2018;SI;EUR;RD1; - DA SCADERE ;2561.56;20/03/2018
3156;576;09/03/2018;30/06/2018;SI;EUR;RD9; - DA SCADERE ;1914.16;20/03/2018
2445;579;09/03/2018;30/06/2018;SI;EUR;RD9; - DA SCADERE ;676.29;20/03/2018
3352;27;03/01/2018;30/07/2018;SI;EUR;BO9; - DA SCADERE ;50.00;20/03/2018
898;32;10/03/2018;30/06/2018;SI;EUR;RD9; - DA SCADERE ;-13.35;20/03/2018
3234;33;10/03/2018;30/06/2018;SI;EUR;RD9; - DA SCADERE ;-74.70;20/03/2018
3597;34;12/03/2018;30/06/2018;SI;EUR;RD9; - DA SCADERE ;-25.00;20/03/2018
3589;35;12/03/2018;30/06/2018;SI;EUR;RD9; - DA SCADERE ;-523.38;20/03/2018
3467;36;12/03/2018;30/06/2018;SI;EUR;RD9; - DA SCADERE ;-147.88;20/03/2018
1497;584;13/03/2018;30/06/2018;SI;EUR;RB6; - DA SCADERE ;2415.87;20/03/2018
913;577;09/03/2018;30/04/2018;SI;EUR;RD1; - DA SCADERE ;2514.26;20/03/2018
3342;596;14/03/2018;31/05/2018;SI;EUR;RD6; - DA SCADERE ;1292.52;20/03/2018
2501;601;14/03/2018;30/06/2018;SI;EUR;R9D; - DA SCADERE ;1863.75;20/03/2018
2697;609;14/03/2018;30/06/2018;SI;EUR;RD9; - DA SCADERE ;3848.22;20/03/2018
2005;610;14/03/2018;30/06/2018;SI;EUR;RB6; - DA SCADERE ;4004.08;20/03/2018
3069;612;14/03/2018;30/06/2018;SI;EUR;RD9; - DA SCADERE ;1278.46;20/03/2018
3542;615;14/03/2018;30/06/2018;SI;EUR;R9D; - DA SCADERE ;2470.56;20/03/2018
2790;616;14/03/2018;31/07/2018;SI;EUR;RB7; - DA SCADERE ;4262.50;20/03/2018
3537;617;14/03/2018;30/06/2018;SI;EUR;R9D; - DA SCADERE ;3143.42;20/03/2018
1458;613;14/03/2018;31/07/2018;SI;EUR;RB7; - DA SCADERE ;498.09;20/03/2018
175;621;15/03/2018;31/07/2018;SI;EUR;RB7; - DA SCADERE ;460.33;20/03/2018
3467;622;15/03/2018;30/06/2018;SI;EUR;RD9; - DA SCADERE ;67065.40;20/03/2018
3467;624;15/03/2018;30/06/2018;SI;EUR;RD9; - DA SCADERE ;288.29;20/03/2018
3010;625;15/03/2018;30/04/2018;SI;EUR;RD1; - DA SCADERE ;342.09;20/03/2018
3453;629;15/03/2018;30/04/2018;SI;EUR;RD1; - DA SCADERE ;1638.11;20/03/2018
2325;630;15/03/2018;30/06/2018;SI;EUR;RB6; - DA SCADERE ;1643.86;20/03/2018
3661;37;16/03/2018;30/06/2018;SI;EUR;RD9; - DA SCADERE ;-36.97;20/03/2018
3095;38;16/03/2018;31/05/2018;SI;EUR;RD6; - DA SCADERE ;-46.14;20/03/2018
2323;632;16/03/2018;30/06/2018;SI;EUR;RB6; - DA SCADERE ;4793.21;20/03/2018
22;633;16/03/2018;30/06/2018;SI;EUR;RB6; - DA SCADERE ;1083.38;20/03/2018
3052;635;16/03/2018;31/05/2018;SI;EUR;RD6; - DA SCADERE ;2606.02;20/03/2018
3503;636;16/03/2018;30/06/2018;SI;EUR;RB6; - DA SCADERE ;2037.85;20/03/2018
2833;641;16/03/2018;30/06/2018;SI;EUR;R9D; - DA SCADERE ;2601.42;20/03/2018
1458;644;16/03/2018;31/07/2018;SI;EUR;RB7; - DA SCADERE ;518.48;20/03/2018
1132;645;16/03/2018;31/05/2018;SI;EUR;RB2; - DA SCADERE ;651.80;20/03/2018
2690;582;13/03/2018;31/05/2018;SI;EUR;RD6; - DA SCADERE ;4678.94;20/03/2018
3069;215;18/01/2018;31/03/2018;NO;EUR;RD3; - DA SCADERE ;109.75;20/03/2018
3069;215;18/01/2018;30/04/2018;SI;EUR;RD3; - DA SCADERE ;6451.84;20/03/2018
10085;587;13/03/2018;30/06/2018;SI;EUR;RD9; - DA SCADERE ;2292.50;20/03/2018
2402;589;13/03/2018;30/06/2018;SI;EUR;RD9; - DA SCADERE ;1184.17;20/03/2018
2325;594;13/03/2018;30/06/2018;SI;EUR;RB6; - DA SCADERE ;1099.71;20/03/2018
3586;595;13/03/2018;30/04/2018;SI;EUR;RD1; - DA SCADERE ;3189.39;20/03/2018
3680;643;16/03/2018;30/06/2018;SI;EUR;RB6; - DA SCADERE ;764.61;20/03/2018
3142;648;16/03/2018;30/06/2018;SI;EUR;RD9; - DA SCADERE ;4895.46;20/03/2018
3068;649;16/03/2018;30/06/2018;SI;EUR;R9D; - DA SCADERE ;1234.62;20/03/2018
2142;651;16/03/2018;30/06/2018;SI;EUR;RB6; - DA SCADERE ;379.57;20/03/2018
3068;652;16/03/2018;30/06/2018;SI;EUR;R9D; - DA SCADERE ;1526.13;20/03/2018
705;650;16/03/2018;30/04/2018;SI;EUR;RB1; - DA SCADERE ;883.68;20/03/2018
3566;653;16/03/2018;30/04/2018;SI;EUR;RD1; - DA SCADERE ;958.13;20/03/2018
3106;39;17/03/2018;30/06/2018;SI;EUR;RD9; - DA SCADERE ;-1597.09;20/03/2018
3106;40;17/03/2018;30/06/2018;SI;EUR;RD9; - DA SCADERE ;-133.09;20/03/2018
3656;654;19/03/2018;30/06/2018;SI;EUR;R9D; - DA SCADERE ;54.17;20/03/2018
3122;657;19/03/2018;31/05/2018;SI;EUR;RB2; - DA SCADERE ;2802.19;20/03/2018
3324;658;19/03/2018;30/04/2018;SI;EUR;RD1; - DA SCADERE ;2040.67;20/03/2018
3589;659;19/03/2018;30/04/2018;SI;EUR;RD1; - DA SCADERE ;1576.69;20/03/2018
943;660;19/03/2018;30/06/2018;SI;EUR;RB6; - DA SCADERE ;356.36;20/03/2018
3068;661;19/03/2018;30/06/2018;SI;EUR;R9D; - DA SCADERE ;673.44;20/03/2018
1067;664;19/03/2018;30/06/2018;SI;EUR;RB6; - DA SCADERE ;628.71;20/03/2018
3554;41;19/03/2018;30/06/2018;SI;EUR;RD9; - DA SCADERE ;-13.55;20/03/2018
10214;42;19/03/2018;30/06/2018;SI;EUR;RD9; - DA SCADERE ;-47.32;20/03/2018
3258;43;19/03/2018;30/06/2018;SI;EUR;RD9; - DA SCADERE ;-7.39;20/03/2018
